date,high,low,open,close,volume_match
2020-01-01,965.71,958.22,965.71,960.99,141842010.0
2020-01-02,966.67,959.67,960.26,966.67,128410670.0
2020-01-03,970.88,965.14,968.72,965.14,144668880.0
2020-01-06,965.14,955.59,962.79,955.79,137059570.0
2020-01-07,959.46,953.19,955.79,958.88,126566780.0
2020-01-08,958.88,945.28,954.13,948.98,175534190.0
2020-01-09,960.73,948.98,953.86,960.15,130690470.0
2020-01-10,969.71,960.15,961.17,968.54,160461650.0
2020-01-13,968.63,964.79,966.89,965.84,115808100.0
2020-01-14,968.85,965.76,966.26,967.0,125449000.0
2020-01-15,967.69,964.84,967.69,967.56,109520090.0
2020-01-16,974.7,967.17,967.2,974.31,143788670.0
2020-01-17,980.02,973.79,976.28,978.96,114716080.0
2020-01-20,979.85,975.93,978.23,978.63,98732080.0
2020-01-21,986.37,978.63,978.82,986.37,123872370.0
2020-01-22,991.46,983.92,986.52,991.46,124881140.0
2020-01-23,991.46,983.92,986.52,991.46,124881140.0
2020-01-24,991.46,983.92,986.52,991.46,124881140.0
2020-01-27,991.46,983.92,986.52,991.46,124881140.0
2020-01-28,991.46,983.92,986.52,991.46,124881140.0
2020-01-29,991.46,983.92,986.52,991.46,124881140.0
2020-01-30,991.46,954.0,975.15,959.58,174488050.0
2020-01-31,960.96,936.62,959.58,936.62,203521680.0
2020-02-03,936.62,891.85,916.6,928.14,238589640.0
2020-02-04,934.91,919.33,929.42,929.09,171707930.0
2020-02-05,936.33,921.89,934.75,925.91,158265300.0
2020-02-06,938.54,925.21,926.66,938.54,199011870.0
2020-02-07,943.48,935.94,938.61,940.75,159078180.0
2020-02-10,940.75,926.61,934.38,930.73,124769190.0
2020-02-11,936.04,930.73,930.73,934.67,152383070.0
2020-02-12,943.11,934.67,940.72,937.68,180704710.0
2020-02-13,939.1,934.47,937.19,938.24,148281160.0
2020-02-14,940.65,936.47,939.28,937.45,164026980.0
2020-02-17,938.52,931.66,938.52,934.77,143700760.0
2020-02-18,934.98,926.01,927.93,927.93,154796540.0
2020-02-19,931.66,925.86,926.41,928.76,155110900.0
2020-02-20,938.13,928.76,933.69,938.13,176812010.0
2020-02-21,940.53,932.32,938.13,933.09,170762390.0
2020-02-24,917.49,903.34,917.49,903.34,246597810.0
2020-02-25,909.67,893.95,893.95,909.67,177111460.0
2020-02-26,903.27,894.25,901.51,895.97,124900000.0
2020-02-27,899.34,889.14,892.15,898.44,127837480.0
2020-02-28,898.44,872.46,885.47,882.19,177524420.0
2020-03-02,886.45,877.31,878.43,884.43,167380280.0
2020-03-03,896.39,884.43,895.39,890.61,170679850.0
2020-03-04,890.61,882.83,887.85,889.37,187504950.0
2020-03-05,898.43,889.37,892.71,893.31,203361170.0
2020-03-06,893.31,882.71,888.96,891.44,167947850.0
2020-03-09,891.44,834.67,875.8,835.49,263053320.0
2020-03-10,843.28,806.63,813.83,837.5,230832850.0
2020-03-11,844.94,794.54,843.52,811.35,267076050.0
2020-03-12,811.35,762.12,778.06,769.25,300321120.0
2020-03-13,769.25,723.42,750.56,761.78,272120840.0
2020-03-16,758.59,737.58,758.28,747.86,214087850.0
2020-03-17,750.03,721.84,724.07,745.78,194484800.0
2020-03-18,752.65,742.12,747.4,747.66,196989710.0
2020-03-19,747.66,714.02,732.35,725.94,299318150.0
2020-03-20,729.35,709.73,728.55,709.73,191037210.0
2020-03-23,709.73,664.23,694.77,666.59,215575310.0
2020-03-24,666.59,652.27,666.59,659.21,201483240.0
2020-03-25,690.25,659.21,669.76,690.25,203649540.0
2020-03-26,700.76,680.1,689.0,694.21,162568840.0
2020-03-27,703.22,682.52,692.54,696.06,201217090.0
2020-03-30,665.56,657.36,663.91,662.26,186661120.0
2020-03-31,678.64,649.1,669.74,662.53,219653380.0
2020-04-01,684.96,657.41,658.8,680.23,196877180.0
2020-04-02,684.96,657.41,658.8,680.23,196877180.0
2020-04-03,701.8,680.23,687.92,701.8,189031820.0
2020-04-06,736.75,701.8,716.22,736.75,294808670.0
2020-04-07,749.13,730.28,744.97,746.69,270016090.0
2020-04-08,748.36,730.12,740.03,748.02,197089400.0
2020-04-09,765.87,748.02,751.08,760.33,264010370.0
2020-04-10,764.36,751.59,759.08,757.94,288523650.0
2020-04-13,774.62,757.94,762.99,765.79,192714420.0
2020-04-14,769.53,753.85,769.01,767.41,220987900.0
2020-04-15,779.52,768.01,768.05,777.22,246931990.0
2020-04-16,781.06,770.91,773.11,780.7,210855960.0
2020-04-17,790.95,783.74,786.96,789.6,259215800.0
2020-04-20,797.49,786.73,796.17,794.97,296902980.0
2020-04-21,794.97,761.96,794.97,766.84,359054290.0
2020-04-22,774.94,749.97,752.8,768.92,216998910.0
2020-04-23,785.6,768.92,768.92,773.91,183125870.0
2020-04-24,778.3,767.31,777.28,776.66,220832320.0
2020-04-27,785.74,770.77,780.65,770.77,249734360.0
2020-04-28,776.13,763.66,773.31,767.21,191259410.0
2020-04-29,772.62,767.21,768.59,769.11,206643310.0
2020-04-30,772.62,767.21,768.59,769.11,206643310.0
2020-05-01,772.62,767.21,768.59,769.11,206643310.0
2020-05-04,769.73,761.64,766.14,762.47,247806970.0
2020-05-05,767.03,760.04,763.22,764.16,164236570.0
2020-05-06,782.59,765.37,767.3,782.59,201354240.0
2020-05-07,796.54,782.59,785.08,796.54,206239180.0
2020-05-08,825.72,800.2,800.32,813.73,327812460.0
2020-05-11,828.33,812.48,818.26,828.33,257067600.0
2020-05-12,835.95,819.66,827.29,835.32,277858300.0
2020-05-13,839.59,815.13,835.32,834.21,329207630.0
2020-05-14,836.19,826.17,830.97,832.4,267465830.0
2020-05-15,838.47,824.59,835.42,827.03,251261900.0
2020-05-18,837.61,823.08,827.49,837.01,217053660.0
2020-05-19,854.25,844.15,852.14,845.92,283581220.0
2020-05-20,852.91,842.21,843.26,852.91,228599630.0
2020-05-21,862.73,854.04,854.93,862.73,293360320.0
2020-05-22,860.65,852.08,859.29,852.74,252877780.0
2020-05-25,860.45,849.12,852.9,859.04,250961090.0
2020-05-26,869.65,859.04,861.47,869.13,298805910.0
2020-05-27,875.35,857.48,873.42,857.48,343925020.0
2020-05-28,866.17,856.48,858.97,861.39,253773110.0
2020-05-29,866.95,859.26,861.59,864.47,273759110.0
2020-06-01,878.67,864.47,868.97,878.67,407851730.0
2020-06-02,882.73,874.53,879.23,874.8,430693930.0
2020-06-03,881.17,874.01,876.73,881.17,310662830.0
2020-06-04,888.32,883.22,883.22,883.9,385391870.0
2020-06-05,886.59,878.5,883.4,886.22,443912540.0
2020-06-08,905.65,886.22,888.7,899.92,493739870.0
2020-06-09,904.89,898.87,902.26,899.43,440885790.0
2020-06-10,902.69,890.3,898.78,900.68,503765230.0
2020-06-11,903.7,867.37,900.48,867.37,652065330.0
2020-06-12,863.52,841.44,841.85,863.52,570742950.0
2020-06-15,868.16,832.47,867.52,832.47,458873120.0
2020-06-16,858.7,832.47,848.86,856.13,352522760.0
2020-06-17,861.05,852.27,861.05,854.44,302858850.0
2020-06-18,858.03,847.49,850.92,855.27,228687960.0
2020-06-19,868.56,857.77,857.77,868.56,366681240.0
2020-06-22,872.94,867.37,871.56,871.28,323158570.0
2020-06-23,873.2,864.02,871.12,868.2,393389630.0
2020-06-24,873.13,857.58,868.2,859.71,333183530.0
2020-06-25,856.23,849.65,851.09,854.59,277602920.0
2020-06-26,862.59,850.66,859.07,851.98,251666430.0
2020-06-29,851.98,826.0,846.26,829.36,326792990.0
2020-06-30,840.31,821.92,836.72,825.11,303001550.0
2020-07-01,844.26,826.38,827.67,843.49,246403110.0
2020-07-02,845.66,838.48,845.66,842.38,186600120.0
2020-07-03,848.16,842.38,845.26,847.61,167905910.0
2020-07-06,861.85,847.61,851.47,861.16,186488550.0
2020-07-07,870.63,861.16,865.46,863.42,277258150.0
2020-07-08,865.58,859.98,861.75,864.5,179077960.0
2020-07-09,878.36,864.5,867.66,876.46,252754480.0
2020-07-10,878.53,867.59,873.7,871.21,246647990.0
2020-07-13,876.83,866.99,874.85,868.72,197873620.0
2020-07-14,868.72,860.28,865.01,868.11,197910160.0
2020-07-15,876.69,868.11,872.8,869.91,217913850.0
2020-07-16,876.83,869.25,871.81,876.83,215359040.0
2020-07-17,875.07,871.89,873.48,872.02,233381060.0
2020-07-20,872.02,861.4,870.66,861.4,250066830.0
2020-07-21,864.7,856.94,863.94,861.69,210549410.0
2020-07-22,864.0,854.97,862.8,855.08,202171130.0
2020-07-23,857.22,851.97,854.92,856.75,213657500.0
2020-07-24,856.75,816.65,854.23,829.16,425657950.0
2020-07-27,808.74,780.64,794.14,785.17,364380500.0
2020-07-28,814.4,786.67,786.72,813.36,302374530.0
2020-07-29,800.39,779.82,800.39,790.84,300739020.0
2020-07-30,802.97,794.88,796.22,801.13,156653990.0
2020-07-31,803.55,786.98,787.78,798.39,212686810.0
2020-08-03,814.84,796.47,796.86,814.65,234591660.0
2020-08-04,827.57,820.2,822.86,827.57,243168140.0
2020-08-05,839.52,820.74,827.54,837.8,253173050.0
2020-08-06,844.16,833.56,838.01,840.04,221480220.0
2020-08-07,844.33,836.84,840.65,841.46,220162060.0
2020-08-10,849.52,843.2,845.11,843.2,266886920.0
2020-08-11,847.61,840.35,847.61,843.08,220200320.0
2020-08-12,848.54,842.88,844.19,846.92,229380860.0
2020-08-13,855.19,849.86,849.96,855.05,226911600.0
2020-08-14,860.32,848.38,854.29,850.74,273841100.0
2020-08-17,852.05,841.62,848.08,850.15,207974100.0
2020-08-18,851.06,845.0,846.43,846.43,178078740.0
2020-08-19,853.15,846.22,847.19,851.21,208356760.0
2020-08-20,856.99,847.44,851.21,848.21,225257430.0
2020-08-21,856.45,848.21,849.99,854.78,254993250.0
2020-08-24,868.68,854.78,860.35,868.68,333808460.0
2020-08-25,877.57,870.92,870.92,874.12,327401910.0
2020-08-26,876.97,871.78,873.62,873.47,312323380.0
2020-08-27,875.71,871.93,872.38,874.71,271900810.0
2020-08-28,885.86,874.71,878.79,878.98,314656850.0
2020-08-31,888.44,879.26,882.13,881.65,322667280.0
2020-09-01,892.51,880.79,882.4,891.73,273317520.0
2020-09-02,892.51,880.79,882.4,891.73,273317520.0
2020-09-03,904.32,896.26,898.25,903.97,308726200.0
2020-09-04,903.97,893.86,896.02,901.54,302944640.0
2020-09-07,905.8,888.25,903.85,888.25,369754460.0
2020-09-08,894.58,884.88,891.61,890.14,255433630.0
2020-09-09,892.4,881.57,883.68,889.32,271637930.0
2020-09-10,896.78,888.82,895.29,888.82,275680070.0
2020-09-11,890.98,884.67,888.82,888.97,260925560.0
2020-09-14,895.31,888.97,891.89,894.57,310093510.0
2020-09-15,898.74,894.57,896.61,896.26,331999340.0
2020-09-16,897.58,894.63,897.43,897.47,254896560.0
2020-09-17,899.41,890.93,897.47,894.04,359544010.0
2020-09-18,902.11,894.04,896.08,900.95,284500330.0
2020-09-21,909.78,900.95,904.5,907.94,335444870.0
2020-09-22,909.69,902.47,905.9,906.19,354990230.0
2020-09-23,913.52,906.19,908.97,912.5,308415530.0
2020-09-24,914.51,907.32,910.53,908.58,342227190.0
2020-09-25,911.3,905.56,910.78,908.27,312812490.0
2020-09-28,913.6,908.27,911.2,912.5,364766720.0
2020-09-29,917.49,903.98,916.63,903.98,417729640.0
2020-09-30,907.0,900.44,904.34,905.21,293672500.0
2020-10-01,914.09,905.21,910.13,914.09,316205380.0
2020-10-02,916.67,897.72,914.09,909.91,482730800.0
2020-10-05,915.55,910.96,913.77,914.68,406913470.0
2020-10-06,918.93,912.77,918.11,915.67,455799490.0
2020-10-07,923.57,912.69,913.62,919.72,477623200.0
2020-10-08,922.08,913.89,922.08,918.84,425584130.0
2020-10-09,924.0,917.7,919.48,924.0,326610120.0
2020-10-12,933.13,923.28,930.78,925.83,394797160.0
2020-10-13,930.96,923.78,926.76,929.86,307417390.0
2020-10-14,940.18,931.89,931.89,940.18,365124980.0
2020-10-15,945.93,938.7,945.28,942.76,417143340.0
2020-10-16,946.23,935.98,944.03,943.3,374625520.0
2020-10-19,946.29,941.92,945.01,943.69,335311440.0
2020-10-20,944.54,937.32,941.0,944.42,363433030.0
2020-10-21,948.2,939.0,947.16,939.03,352896560.0
2020-10-22,949.9,933.78,938.06,949.9,297847000.0
2020-10-23,961.26,949.9,953.45,961.26,369111310.0
2020-10-26,970.15,950.8,967.52,950.8,377517530.0
2020-10-27,954.72,946.28,950.8,946.47,385242630.0
2020-10-28,946.91,921.05,942.82,921.05,406598890.0
2020-10-29,925.84,914.33,916.49,919.08,335792470.0
2020-10-30,926.32,911.2,925.41,925.47,280114700.0
2020-11-02,933.68,924.14,926.09,933.68,260197290.0
2020-11-03,937.57,932.18,936.73,935.41,280691040.0
2020-11-04,943.56,933.86,935.41,939.76,309847110.0
2020-11-05,945.51,937.75,940.32,937.75,253672780.0
2020-11-06,941.2,934.63,939.73,938.29,232143730.0
2020-11-09,951.99,938.29,942.15,951.99,350028640.0
2020-11-10,963.47,951.9,962.68,951.9,395730970.0
2020-11-11,956.65,947.61,954.46,952.22,333115900.0
2020-11-12,959.28,952.22,953.97,959.28,300711560.0
2020-11-13,966.29,959.13,959.56,966.29,396244600.0
2020-11-16,972.98,950.5,970.11,950.79,448751740.0
2020-11-17,968.9,950.79,955.52,968.9,352317830.0
2020-11-18,974.3,966.32,969.48,973.53,417548590.0
2020-11-19,983.26,973.53,975.32,983.26,441959450.0
2020-11-20,990.0,980.72,984.71,990.0,442515130.0
2020-11-23,995.9,985.38,991.87,994.19,416241780.0
2020-11-24,997.99,984.92,996.55,995.76,472603060.0
2020-11-25,1002.31,995.76,1000.39,999.94,410861420.0
2020-11-26,1005.97,994.91,999.24,1005.97,383440400.0
2020-11-27,1010.22,1004.0,1006.68,1010.22,356355590.0
2020-11-30,1012.5,1002.61,1011.82,1003.08,417689660.0
2020-12-01,1008.87,988.71,988.71,1008.87,505120880.0
2020-12-02,1015.86,1007.91,1008.77,1014.32,450953340.0
2020-12-03,1020.35,1014.06,1016.73,1019.8,468398510.0
2020-12-04,1025.17,1018.67,1019.8,1021.49,496645360.0
2020-12-07,1030.41,1022.14,1024.34,1029.98,441497880.0
2020-12-08,1032.58,1025.63,1029.98,1029.26,470435190.0
2020-12-09,1039.55,1030.24,1031.19,1039.13,526519110.0
2020-12-10,1044.1,1030.91,1041.65,1030.91,520204600.0
2020-12-11,1045.96,1030.06,1033.19,1045.96,387847600.0
2020-12-14,1064.09,1045.96,1048.97,1064.09,471507860.0
2020-12-15,1067.45,1052.01,1062.02,1055.27,579155230.0
2020-12-16,1066.99,1055.27,1058.34,1066.99,530251460.0
2020-12-17,1066.99,1051.42,1065.85,1051.77,596966690.0
2020-12-18,1068.56,1051.77,1055.75,1067.46,526524670.0
2020-12-21,1081.6,1067.46,1071.62,1081.08,626766500.0
2020-12-22,1084.23,1077.06,1081.85,1083.45,661706010.0
2020-12-23,1094.09,1077.92,1087.89,1078.9,711447510.0
2020-12-24,1084.76,1046.89,1083.83,1067.52,658279720.0
2020-12-25,1084.42,1061.83,1068.83,1084.42,564081800.0
2020-12-28,1096.11,1083.9,1094.37,1091.33,634183550.0
2020-12-29,1102.79,1087.93,1090.49,1099.49,585681180.0
2020-12-30,1108.83,1094.91,1099.78,1097.54,587368160.0
2020-12-31,1105.33,1096.27,1098.25,1103.87,472642020.0
2021-01-01,1105.33,1096.27,1098.25,1103.87,472642020.0
2021-01-04,1126.43,1113.59,1113.77,1120.47,669130300.0
2021-01-05,1133.16,1116.49,1116.96,1132.55,672525100.0
2021-01-06,1152.85,1133.7,1139.12,1143.21,685752700.0
2021-01-07,1156.49,1143.44,1147.26,1156.49,683626300.0
2021-01-08,1176.33,1160.48,1164.1,1167.69,724072400.0
2021-01-11,1186.45,1175.0,1176.47,1184.89,735459400.0
2021-01-12,1192.28,1179.24,1190.38,1192.28,641960400.0
2021-01-13,1200.82,1183.18,1197.32,1186.05,707397200.0
2021-01-14,1190.5,1178.84,1189.48,1187.4,707685900.0
2021-01-15,1197.74,1188.84,1188.84,1194.2,713128700.0
2021-01-18,1200.85,1190.33,1198.79,1191.94,676078200.0
2021-01-19,1191.94,1117.17,1189.91,1131.0,886850500.0
2021-01-20,1142.48,1098.05,1136.5,1134.68,768338900.0
2021-01-21,1164.21,1132.66,1146.86,1164.21,636293700.0
2021-01-22,1175.72,1161.43,1166.77,1166.78,689503400.0
2021-01-25,1172.18,1162.8,1164.2,1166.05,637824000.0
2021-01-26,1166.05,1121.03,1164.97,1136.12,717489900.0
2021-01-27,1136.12,1088.86,1122.41,1097.17,714917500.0
2021-01-28,1052.16,1022.77,1041.71,1023.94,666812100.0
2021-01-29,1076.11,998.33,998.33,1056.61,711837700.0
2021-02-01,1074.52,1035.51,1062.13,1035.51,588446500.0
2021-02-02,1075.53,1029.36,1036.95,1075.53,526221500.0
2021-02-03,1113.24,1075.53,1084.87,1111.29,606731400.0
2021-02-04,1117.88,1098.85,1112.97,1112.19,445476800.0
2021-02-05,1126.91,1112.19,1114.79,1126.91,436892900.0
2021-02-08,1127.06,1075.1,1127.06,1083.18,609698500.0
2021-02-09,1114.93,1078.98,1090.88,1114.93,459794700.0
2021-02-10,1114.93,1078.98,1090.88,1114.93,459794700.0
2021-02-11,1114.93,1078.98,1090.88,1114.93,459794700.0
2021-02-12,1114.93,1078.98,1090.88,1114.93,459794700.0
2021-02-15,1114.93,1078.98,1090.88,1114.93,459794700.0
2021-02-16,1114.93,1078.98,1090.88,1114.93,459794700.0
2021-02-17,1155.78,1114.93,1127.46,1155.78,482046200.0
2021-02-18,1174.38,1148.66,1157.1,1174.38,560699200.0
2021-02-19,1178.18,1157.6,1160.65,1173.5,520714600.0
2021-02-22,1182.67,1169.12,1173.57,1175.04,542637200.0
2021-02-23,1184.32,1168.32,1174.57,1177.64,545038100.0
2021-02-24,1185.58,1154.36,1184.32,1162.01,545511700.0
2021-02-25,1169.97,1155.74,1169.97,1165.43,468526100.0
2021-02-26,1169.28,1148.88,1148.88,1168.47,506960700.0
2021-03-01,1186.82,1174.45,1176.93,1186.17,574423600.0
2021-03-02,1196.16,1181.99,1196.16,1186.61,512197000.0
2021-03-03,1189.18,1180.25,1184.73,1186.95,563365200.0
2021-03-04,1191.9,1159.48,1191.78,1168.52,612855400.0
2021-03-05,1169.56,1155.6,1164.19,1168.69,537313300.0
2021-03-08,1181.25,1164.02,1180.33,1168.27,608624800.0
2021-03-09,1168.27,1150.94,1160.96,1161.97,575592300.0
2021-03-10,1170.59,1154.89,1163.86,1170.08,547558000.0
2021-03-11,1183.73,1170.08,1170.08,1181.73,568292300.0
2021-03-12,1186.52,1178.14,1185.21,1181.56,571414100.0
2021-03-15,1186.06,1178.8,1183.89,1184.56,616698600.0
2021-03-16,1184.91,1171.76,1184.91,1179.9,607821300.0
2021-03-17,1186.09,1176.26,1178.64,1186.09,628147900.0
2021-03-18,1200.94,1186.09,1196.6,1200.94,554147600.0
2021-03-19,1199.67,1191.96,1195.47,1194.05,582011200.0
2021-03-22,1200.21,1189.31,1200.05,1194.43,607716400.0
2021-03-23,1191.47,1177.1,1190.28,1183.45,624727100.0
2021-03-24,1183.45,1154.22,1169.42,1161.81,631818400.0
2021-03-25,1170.76,1154.44,1164.41,1163.1,591235700.0
2021-03-26,1165.76,1137.9,1162.71,1162.21,611213000.0
2021-03-29,1175.77,1165.78,1169.65,1175.68,575362200.0
2021-03-30,1187.29,1172.85,1179.64,1186.36,681706500.0
2021-03-31,1196.45,1186.4,1187.44,1191.44,651568100.0
2021-04-01,1217.26,1191.44,1194.59,1216.1,616140600.0
2021-04-02,1228.29,1221.07,1225.76,1224.45,588762600.0
2021-04-05,1245.28,1228.18,1245.28,1236.05,613466100.0
2021-04-06,1244.63,1231.14,1233.37,1239.96,635565900.0
2021-04-07,1242.38,1232.52,1237.39,1242.38,657493400.0
2021-04-08,1246.4,1232.26,1242.38,1234.89,617181800.0
2021-04-09,1234.98,1227.6,1231.51,1231.66,637649300.0
2021-04-12,1252.45,1231.66,1236.79,1252.45,828755200.0
2021-04-13,1268.02,1247.66,1262.44,1248.33,948996600.0
2021-04-14,1255.87,1233.01,1240.9,1255.87,786635900.0
2021-04-15,1265.87,1247.25,1262.25,1247.25,738699000.0
2021-04-16,1254.61,1227.14,1245.06,1238.71,917754200.0
2021-04-19,1260.58,1233.77,1243.58,1260.58,739537900.0
2021-04-20,1286.32,1261.28,1267.74,1268.28,744607400.0
2021-04-21,1286.32,1261.28,1267.74,1268.28,744607400.0
2021-04-22,1271.98,1227.82,1264.31,1227.82,698613300.0
2021-04-23,1248.53,1216.15,1227.18,1248.53,650003400.0
2021-04-26,1251.25,1214.14,1251.25,1215.77,658568800.0
2021-04-27,1220.96,1204.14,1213.84,1219.75,521704000.0
2021-04-28,1230.91,1217.49,1220.26,1229.55,565094300.0
2021-04-29,1239.39,1231.25,1234.91,1239.39,590035400.0
2021-04-30,1239.39,1231.25,1234.91,1239.39,590035400.0
2021-05-03,1239.39,1231.25,1234.91,1239.39,590035400.0
2021-05-04,1242.8,1212.56,1222.08,1242.2,685755900.0
2021-05-05,1265.93,1242.2,1244.69,1256.43,654569700.0
2021-05-06,1261.49,1246.64,1255.42,1250.57,641117500.0
2021-05-07,1250.5,1231.92,1245.48,1241.81,714688200.0
2021-05-10,1259.58,1236.85,1239.96,1259.58,697146500.0
2021-05-11,1272.55,1256.04,1265.11,1256.04,675426300.0
2021-05-12,1269.09,1249.18,1251.97,1269.09,633464200.0
2021-05-13,1273.49,1261.99,1262.98,1261.99,652466800.0
2021-05-14,1271.45,1259.97,1266.43,1266.36,646009100.0
2021-05-17,1277.83,1258.5,1272.55,1258.7,672713200.0
2021-05-18,1262.22,1249.02,1259.57,1252.68,634400100.0
2021-05-19,1262.71,1250.58,1254.78,1262.49,623892200.0
2021-05-20,1278.22,1255.78,1264.62,1278.22,680615500.0
2021-05-21,1289.03,1268.46,1272.84,1283.93,625629100.0
2021-05-24,1299.83,1283.93,1287.5,1297.98,640625700.0
2021-05-25,1308.58,1297.23,1299.19,1308.58,616066700.0
2021-05-26,1317.3,1304.68,1308.04,1316.7,659595400.0
2021-05-27,1319.67,1299.99,1318.42,1303.57,665777400.0
2021-05-28,1323.09,1300.06,1307.79,1320.46,702181700.0
2021-05-31,1328.05,1307.56,1326.65,1328.05,685028300.0
2021-06-01,1346.34,1328.84,1329.47,1337.78,584817500.0
2021-06-02,1344.98,1330.82,1330.99,1340.78,740763400.0
2021-06-03,1366.0,1340.78,1345.21,1364.28,841507900.0
2021-06-04,1374.05,1360.42,1367.06,1374.05,872452800.0
2021-06-07,1375.74,1347.21,1374.59,1358.78,826169700.0
2021-06-08,1364.48,1318.11,1355.36,1319.88,857967000.0
2021-06-09,1339.14,1312.08,1323.52,1332.9,750693000.0
2021-06-10,1336.71,1317.49,1332.9,1323.58,665592200.0
2021-06-11,1352.47,1322.08,1326.79,1351.74,694619900.0
2021-06-14,1368.53,1352.73,1352.73,1361.72,704021300.0
2021-06-15,1372.72,1356.59,1361.58,1367.36,694197500.0
2021-06-16,1370.14,1350.73,1363.85,1356.52,731329200.0
2021-06-17,1353.84,1337.49,1353.84,1359.92,704236700.0
2021-06-18,1377.77,1359.92,1366.19,1377.77,741785200.0
2021-06-21,1381.74,1367.85,1373.59,1372.63,722673600.0
2021-06-22,1385.98,1372.63,1380.84,1379.97,685249500.0
2021-06-23,1388.33,1372.06,1383.15,1376.87,635671800.0
2021-06-24,1384.71,1372.99,1376.87,1379.72,529135200.0
2021-06-25,1390.12,1372.8,1382.11,1390.12,510070000.0
2021-06-28,1406.02,1390.56,1397.96,1405.81,643843600.0
2021-06-29,1416.34,1405.81,1408.34,1410.04,597483200.0
2021-06-30,1419.61,1408.18,1410.83,1408.55,520397700.0
2021-07-01,1417.27,1402.18,1412.15,1417.08,688259900.0
2021-07-02,1424.28,1415.82,1422.89,1420.27,638260100.0
2021-07-05,1421.52,1394.12,1420.27,1411.13,763287300.0
2021-07-06,1418.99,1354.79,1412.93,1354.79,762108800.0
2021-07-07,1388.55,1334.58,1361.76,1388.55,721213400.0
2021-07-08,1385.75,1363.92,1381.11,1374.68,520186100.0
2021-07-09,1373.51,1335.9,1365.28,1347.14,701591000.0
2021-07-12,1340.65,1270.06,1338.11,1296.3,895935000.0
2021-07-13,1307.73,1278.3,1305.36,1297.54,489817300.0
2021-07-14,1305.37,1264.68,1297.54,1279.91,537526800.0
2021-07-15,1299.18,1270.77,1270.77,1293.92,410860200.0
2021-07-16,1304.37,1296.06,1298.38,1299.31,407835900.0
2021-07-19,1276.55,1237.79,1270.18,1243.51,661312300.0
2021-07-20,1273.29,1225.52,1243.51,1273.29,529526200.0
2021-07-21,1284.33,1266.71,1277.27,1270.79,387700800.0
2021-07-22,1294.16,1266.54,1270.79,1293.67,484899000.0
2021-07-23,1295.63,1268.83,1288.83,1268.83,542390300.0
2021-07-26,1277.33,1254.57,1268.83,1272.71,452370000.0
2021-07-27,1288.35,1276.53,1283.67,1276.93,510647200.0
2021-07-28,1281.17,1271.78,1273.48,1277.07,352981000.0
2021-07-29,1293.6,1282.88,1286.33,1293.6,434028400.0
2021-07-30,1311.97,1296.95,1298.01,1310.05,603387400.0
2021-08-02,1322.35,1304.49,1308.69,1314.22,575155300.0
2021-08-03,1332.44,1315.57,1316.15,1332.44,603630100.0
2021-08-04,1340.76,1328.4,1337.72,1334.74,609611000.0
2021-08-05,1346.62,1326.8,1331.14,1345.55,570804900.0
2021-08-06,1351.85,1341.45,1348.24,1341.45,663742700.0
2021-08-09,1361.12,1334.69,1337.78,1359.86,636278900.0
2021-08-10,1370.35,1358.12,1367.99,1362.43,664188000.0
2021-08-11,1374.03,1357.79,1365.05,1357.79,750543100.0
2021-08-12,1364.26,1353.05,1356.27,1353.05,707595600.0
2021-08-13,1357.41,1336.74,1352.56,1357.05,712033900.0
2021-08-16,1372.33,1357.05,1357.05,1370.96,790657200.0
2021-08-17,1379.7,1359.11,1377.7,1363.09,725626800.0
2021-08-18,1370.5,1355.83,1361.24,1360.94,623257200.0
2021-08-19,1374.85,1352.94,1360.61,1374.85,646885200.0
2021-08-20,1374.85,1317.52,1374.85,1329.43,1162172100.0
2021-08-23,1327.04,1298.86,1322.62,1298.86,747995000.0
2021-08-24,1307.56,1289.16,1304.0,1298.74,634592900.0
2021-08-25,1310.16,1291.7,1300.74,1309.55,469248200.0
2021-08-26,1316.26,1295.77,1313.18,1301.12,489976000.0
2021-08-27,1313.2,1285.16,1301.12,1313.2,622856200.0
2021-08-30,1329.62,1313.2,1323.39,1328.14,619477300.0
2021-08-31,1336.14,1325.69,1332.62,1331.47,700384100.0
2021-09-01,1338.02,1328.26,1328.54,1334.65,656904200.0
2021-09-02,1338.02,1328.26,1328.54,1334.65,656904200.0
2021-09-03,1338.02,1328.26,1328.54,1334.65,656904200.0
2021-09-06,1348.36,1339.8,1340.71,1346.39,871508000.0
2021-09-07,1353.66,1340.32,1349.13,1341.9,829928300.0
2021-09-08,1344.49,1328.35,1343.92,1333.61,580802100.0
2021-09-09,1345.59,1332.67,1333.61,1343.98,563607000.0
2021-09-10,1350.43,1345.07,1348.74,1345.31,530762800.0
2021-09-13,1350.69,1340.5,1348.07,1341.43,719863400.0
2021-09-14,1349.13,1336.84,1343.38,1339.7,670954500.0
2021-09-15,1347.7,1334.97,1338.11,1345.83,622274200.0
2021-09-16,1353.12,1341.23,1351.85,1345.87,547188700.0
2021-09-17,1356.45,1347.13,1347.66,1352.64,773922200.0
2021-09-20,1365.92,1349.18,1361.12,1350.48,820277200.0
2021-09-21,1350.48,1324.82,1335.96,1339.84,787035700.0
2021-09-22,1350.71,1336.63,1339.84,1350.68,706204600.0
2021-09-23,1361.09,1350.43,1357.65,1352.76,937843800.0
2021-09-24,1356.97,1348.07,1354.84,1351.17,612874400.0
2021-09-27,1354.38,1324.99,1353.39,1324.99,702783900.0
2021-09-28,1341.81,1316.41,1319.53,1339.31,567532100.0
2021-09-29,1340.9,1328.17,1338.8,1339.21,545429900.0
2021-09-30,1348.89,1341.15,1341.83,1342.06,420717600.0
2021-10-01,1344.06,1332.97,1339.68,1334.89,584601900.0
2021-10-04,1347.49,1334.4,1337.74,1339.54,683485400.0
2021-10-05,1354.63,1343.48,1345.43,1354.63,555948300.0
2021-10-06,1362.82,1354.63,1359.63,1362.82,575444400.0
2021-10-07,1367.64,1360.57,1365.54,1365.99,640283100.0
2021-10-08,1373.18,1365.93,1365.99,1372.73,580722600.0
2021-10-11,1394.64,1377.3,1377.53,1394.09,695144700.0
2021-10-12,1400.78,1389.43,1398.03,1394.8,680550900.0
2021-10-13,1400.67,1389.61,1398.21,1391.91,581359400.0
2021-10-14,1398.67,1388.89,1392.88,1391.85,669287500.0
2021-10-15,1399.03,1388.0,1395.81,1392.7,710519000.0
2021-10-18,1402.63,1390.88,1395.57,1395.53,740018700.0
2021-10-19,1399.66,1388.95,1395.53,1395.33,582318100.0
2021-10-20,1401.76,1376.15,1398.45,1393.8,771825800.0
2021-10-21,1398.45,1384.77,1397.59,1384.77,659155300.0
2021-10-22,1393.7,1384.77,1384.77,1389.24,722492800.0
2021-10-25,1395.72,1385.4,1395.45,1385.4,839836200.0
2021-10-26,1393.03,1377.56,1384.12,1391.63,666130300.0
2021-10-27,1423.02,1395.83,1397.51,1423.02,830868000.0
2021-10-28,1440.64,1420.42,1427.89,1438.01,793709800.0
2021-10-29,1447.62,1432.19,1439.27,1444.27,903703600.0
2021-11-01,1451.81,1435.57,1449.32,1438.97,1048323800.0
2021-11-02,1452.46,1438.83,1439.61,1452.46,939881300.0
2021-11-03,1463.63,1444.3,1460.44,1444.3,1411319400.0
2021-11-04,1451.98,1435.84,1442.89,1448.34,860185400.0
2021-11-05,1459.49,1444.51,1450.71,1456.51,813598700.0
2021-11-08,1470.49,1456.51,1461.61,1467.57,968067400.0
2021-11-09,1474.2,1457.57,1469.94,1461.5,970241100.0
2021-11-10,1470.19,1457.98,1465.1,1465.02,925701000.0
2021-11-11,1472.89,1449.18,1469.22,1462.35,1170544800.0
2021-11-12,1474.57,1453.22,1462.35,1473.37,879182900.0
2021-11-15,1481.96,1466.01,1481.75,1476.57,1114244700.0
2021-11-16,1476.97,1459.08,1472.82,1466.45,1124412600.0
2021-11-17,1477.04,1464.78,1466.45,1475.85,800040000.0
2021-11-18,1482.87,1469.83,1479.39,1469.83,1016609500.0
2021-11-19,1481.53,1434.69,1475.0,1452.35,1452208700.0
2021-11-22,1466.46,1442.85,1453.35,1447.25,1177326300.0
2021-11-23,1463.63,1438.41,1442.66,1463.63,810865000.0
2021-11-24,1491.05,1467.29,1470.66,1488.87,1025021500.0
2021-11-25,1505.36,1490.32,1496.41,1500.81,908516000.0
2021-11-26,1511.68,1488.83,1506.69,1493.03,966269500.0
2021-11-29,1488.93,1467.35,1467.48,1484.84,932067900.0
2021-11-30,1503.09,1471.57,1500.24,1478.44,1005714000.0
2021-12-01,1487.68,1471.3,1477.85,1485.19,810951400.0
2021-12-02,1493.84,1482.05,1489.12,1482.05,719084000.0
2021-12-03,1491.2,1443.32,1490.4,1443.32,997434600.0
2021-12-06,1452.55,1400.87,1446.28,1413.58,975385500.0
2021-12-07,1446.77,1421.6,1426.88,1446.77,662111000.0
2021-12-08,1460.28,1446.77,1446.77,1452.87,709378100.0
2021-12-09,1467.98,1446.88,1448.29,1467.98,610084100.0
2021-12-10,1475.85,1461.78,1470.55,1463.54,759422200.0
2021-12-13,1481.7,1470.08,1471.96,1476.21,787630800.0
2021-12-14,1485.14,1469.21,1476.82,1476.02,887700200.0
2021-12-15,1481.67,1468.21,1476.02,1475.5,838899800.0
2021-12-16,1482.32,1468.95,1481.85,1476.61,867439300.0
2021-12-17,1487.73,1476.61,1481.76,1479.79,1032891100.0
2021-12-20,1483.85,1468.88,1482.09,1477.33,910354780.0
2021-12-21,1486.09,1472.43,1475.31,1478.74,867992218.0
2021-12-22,1489.24,1471.84,1485.4,1477.67,1032293743.0
2021-12-23,1481.21,1447.14,1480.52,1456.96,1267439407.0
2021-12-24,1478.8,1456.32,1465.0,1477.03,856070439.0
2021-12-27,1490.12,1469.91,1485.1,1488.88,717070918.0
2021-12-28,1499.77,1483.97,1497.16,1494.39,934384700.0
2021-12-29,1498.91,1485.82,1498.3,1485.82,794969800.0
2021-12-30,1493.38,1484.82,1491.24,1485.97,724365200.0
2021-12-31,1499.07,1485.97,1490.25,1498.28,846534300.0
2022-01-03,1499.07,1485.97,1490.25,1498.28,846534300.0
2022-01-04,1526.69,1498.28,1508.15,1525.58,787479200.0
2022-01-05,1535.82,1522.5,1529.06,1522.5,955697900.0
2022-01-06,1536.24,1518.18,1518.94,1528.57,1089214800.0
2022-01-07,1534.52,1524.96,1534.44,1528.48,951525400.0
2022-01-10,1536.45,1503.71,1530.74,1503.71,1316091200.0
2022-01-11,1512.05,1488.4,1506.73,1492.31,1219958100.0
2022-01-12,1510.51,1464.49,1491.3,1510.51,1066699800.0
2022-01-13,1522.6,1495.13,1519.79,1496.05,938652200.0
2022-01-14,1503.25,1476.68,1477.34,1496.02,711209200.0
2022-01-17,1503.86,1452.84,1499.47,1452.84,885918500.0
2022-01-18,1452.84,1424.65,1444.16,1438.94,663088300.0
2022-01-19,1449.11,1434.46,1444.6,1442.79,536466400.0
2022-01-20,1469.08,1432.58,1439.06,1465.3,735877900.0
2022-01-21,1477.23,1463.06,1470.96,1472.89,753804800.0
2022-01-24,1472.89,1432.18,1465.33,1439.71,754916000.0
2022-01-25,1479.58,1424.36,1433.2,1479.58,675565100.0
2022-01-26,1490.45,1478.41,1485.83,1481.58,733274800.0
2022-01-27,1486.39,1464.06,1475.45,1470.76,494450500.0
2022-01-28,1484.48,1465.22,1471.47,1478.96,632108500.0
2022-01-31,1484.48,1465.22,1471.47,1478.96,632108500.0
2022-02-01,1484.48,1465.22,1471.47,1478.96,632108500.0
2022-02-02,1484.48,1465.22,1471.47,1478.96,632108500.0
2022-02-03,1484.48,1465.22,1471.47,1478.96,632108500.0
2022-02-04,1484.48,1465.22,1471.47,1478.96,632108500.0
2022-02-07,1505.69,1478.96,1497.55,1497.66,514106400.0
2022-02-08,1503.33,1491.78,1495.58,1500.99,657543900.0
2022-02-09,1511.72,1499.53,1500.78,1505.38,712308800.0
2022-02-10,1512.88,1495.7,1505.38,1506.79,585239000.0
2022-02-11,1508.54,1499.06,1503.37,1501.71,548873400.0
2022-02-14,1495.99,1471.96,1485.75,1471.96,716040200.0
2022-02-15,1495.56,1470.06,1473.92,1492.75,535470800.0
2022-02-16,1499.5,1486.68,1499.03,1492.1,592349200.0
2022-02-17,1507.99,1492.1,1492.56,1507.99,562210800.0
2022-02-18,1507.99,1492.38,1494.3,1504.84,644038600.0
2022-02-21,1516.63,1500.97,1504.96,1510.84,700630100.0
2022-02-22,1510.84,1484.81,1497.46,1503.47,840921100.0
2022-02-23,1520.78,1503.47,1509.42,1512.3,626441100.0
2022-02-24,1513.25,1473.76,1511.84,1494.85,1081033200.0
2022-02-25,1512.05,1494.85,1504.37,1498.89,688367500.0
2022-02-28,1502.36,1487.57,1499.31,1490.13,660300600.0
2022-03-01,1501.73,1490.13,1493.41,1498.78,763985300.0
2022-03-02,1500.41,1479.55,1499.37,1485.52,864826100.0
2022-03-03,1505.0,1485.52,1492.42,1505.0,856180700.0
2022-03-04,1509.19,1501.39,1506.79,1505.33,842435300.0
2022-03-07,1505.33,1493.87,1500.65,1499.05,944252700.0
2022-03-08,1499.05,1473.71,1499.05,1473.71,946264000.0
2022-03-09,1482.86,1462.8,1478.16,1473.74,859273700.0
2022-03-10,1488.59,1473.74,1473.74,1479.08,606653300.0
2022-03-11,1480.29,1458.88,1478.23,1466.54,827336200.0
2022-03-14,1466.54,1439.19,1459.28,1446.25,783682300.0
2022-03-15,1453.07,1437.27,1445.05,1452.74,614172600.0
2022-03-16,1462.98,1453.91,1459.97,1459.33,525397100.0
2022-03-17,1467.74,1459.14,1466.56,1461.34,665148800.0
2022-03-18,1474.86,1465.57,1466.14,1469.1,721230300.0
2022-03-21,1494.95,1469.1,1469.1,1494.95,728427200.0
2022-03-22,1507.71,1498.48,1500.08,1503.78,907837000.0
2022-03-23,1513.9,1501.67,1505.76,1502.34,754499800.0
2022-03-24,1505.39,1495.18,1503.91,1498.26,731841800.0
2022-03-25,1503.29,1494.55,1500.17,1498.5,697177400.0
2022-03-28,1496.79,1473.8,1490.28,1483.18,956230200.0
2022-03-29,1498.45,1487.57,1487.57,1497.76,658819400.0
2022-03-30,1503.89,1483.9,1491.92,1490.51,851999600.0
2022-03-31,1498.41,1488.27,1492.5,1492.15,601257500.0
2022-04-01,1516.87,1484.13,1489.48,1516.44,890089000.0
2022-04-04,1530.95,1522.82,1528.87,1524.7,697174200.0
2022-04-05,1527.57,1519.28,1521.37,1520.03,631745800.0
2022-04-06,1523.75,1507.62,1510.69,1522.9,873777900.0
2022-04-07,1524.92,1502.35,1524.12,1502.35,727039800.0
2022-04-08,1507.73,1482.0,1504.31,1482.0,712360900.0
2022-04-11,1507.73,1482.0,1504.31,1482.0,712360900.0
2022-04-12,1490.58,1455.25,1487.86,1455.25,629961600.0
2022-04-13,1477.2,1448.52,1459.48,1477.2,636344500.0
2022-04-14,1484.34,1471.75,1483.08,1472.12,498914000.0
2022-04-15,1478.95,1456.39,1470.53,1458.56,606633800.0
2022-04-18,1456.47,1425.07,1456.47,1432.6,753341100.0
2022-04-19,1442.04,1406.45,1435.82,1406.45,666337000.0
2022-04-20,1410.64,1384.72,1401.63,1384.72,619272500.0
2022-04-21,1392.33,1356.58,1369.8,1370.21,741348500.0
2022-04-22,1392.89,1352.43,1378.28,1379.23,753461700.0
2022-04-25,1382.13,1298.38,1377.83,1310.92,696873600.0
2022-04-26,1341.34,1261.4,1285.4,1341.34,673169600.0
2022-04-27,1355.92,1314.81,1331.73,1353.77,457363500.0
2022-04-28,1358.07,1344.1,1353.48,1350.99,431624900.0
2022-04-29,1369.31,1343.24,1347.08,1366.8,506318600.0
2022-05-02,1369.31,1343.24,1347.08,1366.8,506318600.0
2022-05-03,1369.31,1343.24,1347.08,1366.8,506318600.0
2022-05-04,1366.39,1348.68,1366.11,1348.68,478584000.0
2022-05-05,1362.18,1331.41,1361.62,1360.68,486348000.0
2022-05-06,1350.09,1328.13,1333.55,1329.26,480060200.0
2022-05-09,1314.52,1265.54,1313.49,1269.62,594700900.0
2022-05-10,1293.56,1232.57,1240.93,1293.56,576228000.0
2022-05-11,1305.17,1277.91,1295.39,1301.53,353028500.0
2022-05-12,1291.65,1238.05,1290.04,1238.84,485689700.0
2022-05-13,1237.8,1180.6,1235.03,1182.77,698929900.0
2022-05-16,1215.96,1170.59,1208.05,1171.95,518482600.0
2022-05-17,1228.37,1156.54,1164.32,1228.37,511336600.0
2022-05-18,1249.84,1222.92,1240.06,1240.76,482632400.0
2022-05-19,1246.66,1211.07,1211.31,1241.64,434032300.0
2022-05-20,1252.96,1232.33,1241.07,1240.71,433866800.0
2022-05-23,1246.58,1207.99,1246.56,1218.81,461263400.0
2022-05-24,1233.38,1203.28,1218.87,1233.38,449412100.0
2022-05-25,1268.43,1234.17,1238.12,1268.43,581899800.0
2022-05-26,1278.11,1261.55,1273.8,1268.57,475682700.0
2022-05-27,1286.99,1269.29,1270.56,1285.45,540552700.0
2022-05-30,1296.22,1281.27,1290.11,1293.92,459151100.0
2022-05-31,1297.64,1280.44,1288.63,1292.68,507075900.0
2022-06-01,1302.25,1286.01,1289.56,1299.52,471011700.0
2022-06-02,1302.66,1283.32,1300.58,1288.62,491001100.0
2022-06-03,1292.78,1276.37,1284.62,1287.98,405499400.0
2022-06-06,1302.14,1281.95,1290.04,1290.01,512858000.0
2022-06-07,1291.35,1260.92,1285.07,1291.35,581872400.0
2022-06-08,1316.78,1304.79,1307.91,1307.91,507697500.0
2022-06-09,1312.44,1300.85,1310.35,1307.8,405524900.0
2022-06-10,1309.59,1284.08,1298.78,1284.08,532694800.0
2022-06-13,1261.54,1226.01,1251.08,1227.04,653835200.0
2022-06-14,1239.36,1211.13,1213.44,1230.31,489064500.0
2022-06-15,1235.56,1195.19,1231.23,1213.93,595627900.0
2022-06-16,1246.32,1223.0,1226.96,1236.63,489216600.0
2022-06-17,1220.41,1191.92,1210.5,1217.3,642303400.0
2022-06-20,1221.6,1180.4,1218.37,1180.4,577833800.0
2022-06-21,1189.97,1162.94,1172.98,1172.47,571071800.0
2022-06-22,1185.86,1162.98,1180.11,1169.27,487557600.0
2022-06-23,1188.88,1162.06,1162.06,1188.88,345554900.0
2022-06-24,1196.85,1185.48,1190.82,1185.48,364235600.0
2022-06-27,1203.51,1187.38,1189.28,1202.82,398109600.0
2022-06-28,1221.74,1198.99,1202.41,1218.1,493990900.0
2022-06-29,1219.58,1207.38,1208.11,1218.09,484930800.0
2022-06-30,1220.51,1197.6,1218.22,1197.6,442681300.0
2022-07-01,1202.41,1170.95,1193.04,1198.9,463310500.0
2022-07-04,1208.96,1192.63,1206.47,1195.53,377655400.0
2022-07-05,1200.99,1181.29,1198.42,1181.29,524671700.0
2022-07-06,1175.26,1147.63,1167.33,1149.61,469155400.0
2022-07-07,1166.48,1142.8,1148.97,1166.48,332805500.0
2022-07-08,1177.18,1164.23,1173.93,1171.31,406518500.0
2022-07-11,1165.23,1144.55,1161.3,1155.29,456302500.0
2022-07-12,1174.82,1153.55,1154.31,1174.82,442983900.0
2022-07-13,1182.21,1170.92,1174.82,1173.92,490724400.0
2022-07-14,1182.17,1170.04,1170.7,1182.17,460052000.0
2022-07-15,1189.66,1178.12,1183.15,1179.25,512558100.0
2022-07-18,1184.93,1174.7,1184.74,1176.49,448610400.0
2022-07-19,1180.46,1168.99,1176.48,1178.33,444036800.0
2022-07-20,1198.63,1185.82,1188.12,1194.14,601098600.0
2022-07-21,1201.91,1194.97,1195.03,1198.47,500624000.0
2022-07-22,1202.69,1194.76,1199.16,1194.76,448428100.0
2022-07-25,1198.16,1184.32,1191.43,1188.5,410066000.0
2022-07-26,1194.15,1184.44,1189.42,1185.07,388328300.0
2022-07-27,1191.04,1178.58,1180.83,1191.04,387799200.0
2022-07-28,1214.03,1198.68,1201.77,1208.12,620546700.0
2022-07-29,1217.84,1206.33,1214.32,1206.33,537058300.0
2022-08-01,1231.35,1209.04,1209.05,1231.35,681871300.0
2022-08-02,1241.91,1224.11,1230.31,1241.62,734388200.0
2022-08-03,1250.2,1232.41,1233.84,1249.76,702358600.0
2022-08-04,1257.38,1247.38,1252.49,1254.15,655935800.0
2022-08-05,1253.75,1245.05,1250.25,1252.74,604391400.0
2022-08-08,1258.84,1252.04,1252.36,1256.75,634015600.0
2022-08-09,1263.14,1252.84,1260.36,1258.85,655262300.0
2022-08-10,1260.36,1253.89,1255.69,1256.5,584384800.0
2022-08-11,1268.03,1245.85,1267.37,1252.07,765336500.0
2022-08-12,1262.33,1248.65,1250.76,1262.33,508817800.0
2022-08-15,1274.24,1267.14,1268.56,1274.2,585580500.0
2022-08-16,1275.93,1271.11,1274.08,1274.69,569526100.0
2022-08-17,1280.61,1271.97,1276.76,1275.28,644581600.0
2022-08-18,1283.15,1268.64,1273.45,1273.66,558424300.0
2022-08-19,1280.0,1263.45,1272.23,1269.18,568209800.0
2022-08-22,1270.57,1255.83,1264.64,1260.43,566785900.0
2022-08-23,1270.81,1253.45,1253.45,1270.81,520796300.0
2022-08-24,1280.36,1272.33,1275.65,1277.16,519810800.0
2022-08-25,1289.18,1280.28,1280.44,1288.88,562124700.0
2022-08-26,1295.12,1280.05,1291.34,1282.57,614354500.0
2022-08-29,1270.8,1249.17,1263.81,1270.8,793997300.0
2022-08-30,1287.65,1274.0,1274.99,1279.39,473770000.0
2022-08-31,1285.29,1274.99,1276.32,1280.51,462420100.0
2022-09-01,1285.29,1274.99,1276.32,1280.51,462420100.0
2022-09-02,1285.29,1274.99,1276.32,1280.51,462420100.0
2022-09-05,1285.7,1275.35,1280.26,1277.35,466166300.0
2022-09-06,1286.92,1277.35,1277.35,1277.4,537987600.0
2022-09-07,1275.07,1243.17,1274.68,1243.17,796593600.0
2022-09-08,1251.36,1234.6,1251.22,1234.6,557779800.0
2022-09-09,1248.78,1228.54,1241.26,1248.78,542039800.0
2022-09-12,1257.8,1248.97,1255.0,1249.62,390724336.0
2022-09-13,1252.35,1243.87,1251.1,1248.4,410707381.0
2022-09-14,1242.17,1228.51,1229.76,1240.77,574337899.0
2022-09-15,1250.93,1243.45,1246.92,1245.66,385727500.0
2022-09-16,1246.17,1230.37,1243.38,1235.74,326688789.0
2022-09-19,1233.46,1202.07,1231.45,1205.43,641803999.0
2022-09-20,1218.93,1199.71,1212.08,1218.93,412723400.0
2022-09-21,1217.28,1204.68,1213.47,1210.55,325527500.0
2022-09-22,1214.7,1196.64,1200.61,1214.7,435982100.0
2022-09-23,1216.59,1201.45,1212.61,1203.28,443208000.0
2022-09-26,1190.27,1159.12,1186.72,1174.35,701894100.0
2022-09-27,1180.75,1166.44,1177.51,1166.54,415135800.0
2022-09-28,1162.6,1142.79,1158.53,1143.62,496730000.0
2022-09-29,1159.49,1126.07,1157.09,1126.07,415993300.0
2022-09-30,1135.47,1099.44,1115.2,1132.11,612447100.0
2022-10-03,1126.46,1079.86,1124.46,1086.44,501911900.0
2022-10-04,1100.42,1069.74,1095.65,1078.14,513862500.0
2022-10-05,1110.21,1092.12,1092.12,1104.26,396842100.0
2022-10-06,1106.97,1072.57,1105.31,1074.52,499954800.0
2022-10-07,1062.23,1022.38,1061.93,1035.91,788668100.0
2022-10-10,1051.02,1012.94,1019.67,1042.48,541876100.0
2022-10-11,1036.42,998.64,1036.39,1006.2,580908400.0
2022-10-12,1039.44,1002.89,1006.1,1034.81,532825500.0
2022-10-13,1050.99,1025.04,1035.33,1050.99,402643700.0
2022-10-14,1068.12,1055.29,1066.63,1061.85,506303900.0
2022-10-17,1054.05,1033.59,1053.46,1051.58,435723100.0
2022-10-18,1071.74,1057.71,1065.6,1063.66,466433900.0
2022-10-19,1065.99,1052.29,1065.08,1060.07,343358600.0
2022-10-20,1065.28,1048.21,1056.14,1058.45,352499633.0
2022-10-21,1059.03,1013.69,1059.03,1019.82,642204890.0
2022-10-24,1023.51,977.41,1021.25,986.15,547149700.0
2022-10-25,1011.39,962.45,980.33,981.18,626242100.0
2022-10-26,1004.55,984.71,1000.71,985.92,325134000.0
2022-10-27,1028.01,990.48,994.82,1028.01,572328800.0
2022-10-28,1044.57,1026.53,1035.41,1027.36,515678504.0
2022-10-31,1030.32,1005.0,1028.24,1027.94,581502900.0
2022-11-01,1043.53,1027.39,1034.77,1033.75,575844000.0
2022-11-02,1034.73,1018.64,1033.51,1023.19,488346900.0
2022-11-03,1023.95,1010.65,1011.41,1019.81,404442900.0
2022-11-04,1009.96,974.61,1008.23,997.15,694725300.0
2022-11-07,996.18,969.61,989.74,975.19,534028098.0
2022-11-08,981.86,956.97,960.93,981.65,542470500.0
2022-11-09,994.79,977.93,983.62,985.59,466326374.0
2022-11-10,976.31,935.78,974.76,947.24,637622500.0
2022-11-11,966.7,949.49,954.95,954.53,646268900.0
2022-11-14,945.29,923.53,939.94,941.04,599293000.0
2022-11-15,929.06,900.17,926.08,911.9,682787797.0
2022-11-16,945.42,873.78,876.0,942.9,934066100.0
2022-11-17,972.88,950.9,952.91,969.26,589534338.0
2022-11-18,971.77,939.73,967.18,969.33,839360900.0
2022-11-21,973.19,956.77,971.58,960.65,522703800.0
2022-11-22,985.28,948.52,953.78,952.12,978712600.0
2022-11-23,958.61,942.02,947.81,946.0,488928200.0
2022-11-24,950.03,934.31,941.44,947.71,435348423.0
2022-11-25,971.46,955.53,956.62,971.46,554365940.0
2022-11-28,1006.22,979.48,979.68,1005.69,872397100.0
2022-11-29,1032.16,998.56,1010.57,1032.16,1101690200.0
2022-11-30,1048.42,1021.54,1037.44,1048.42,956511200.0
2022-12-01,1066.28,1035.62,1057.97,1036.28,1263319700.0
2022-12-02,1080.01,1030.81,1032.67,1080.01,1014240600.0
2022-12-05,1099.45,1082.59,1090.97,1093.67,1112166795.0
2022-12-06,1089.63,1048.69,1088.9,1048.69,1356936200.0
2022-12-07,1059.79,1034.92,1046.72,1041.02,827930300.0
2022-12-08,1078.09,1045.98,1055.21,1050.53,873712400.0
2022-12-09,1061.21,1041.39,1056.85,1051.81,725620299.0
2022-12-12,1065.16,1032.07,1059.55,1032.07,808782100.0
2022-12-13,1047.45,1026.3,1035.76,1047.45,735828900.0
2022-12-14,1062.18,1046.43,1062.18,1050.43,667860400.0
2022-12-15,1062.61,1049.06,1049.06,1055.32,665769400.0
2022-12-16,1064.79,1047.16,1048.62,1052.48,790237300.0
2022-12-19,1065.59,1038.4,1053.91,1038.4,852554700.0
2022-12-20,1038.74,1010.08,1035.82,1023.13,954038800.0
2022-12-21,1033.84,1005.43,1033.34,1018.88,703570400.0
2022-12-22,1033.18,1016.54,1026.49,1022.61,531712600.0
2022-12-23,1027.34,1013.2,1023.69,1020.34,423823400.0
2022-12-26,1021.89,985.21,1019.66,985.21,623487296.0
2022-12-27,1007.88,983.67,986.07,1004.57,507289700.0
2022-12-28,1020.52,998.97,1008.41,1015.66,392271900.0
2022-12-29,1021.96,1009.29,1016.06,1009.29,371300498.0
2022-12-30,1017.99,1007.09,1017.45,1007.09,344378600.0
2023-01-02,1017.99,1007.09,1017.45,1007.09,344378600.0
2023-01-03,1043.9,1011.38,1011.39,1043.9,518145310.0
2023-01-04,1052.6,1041.56,1048.31,1046.35,566957000.0
2023-01-05,1058.14,1046.64,1048.17,1055.82,496500700.0
2023-01-06,1065.58,1047.26,1055.51,1051.44,614549000.0
2023-01-09,1062.12,1050.95,1058.28,1054.21,386345500.0
2023-01-10,1057.44,1045.75,1054.87,1053.35,423409835.0
2023-01-11,1065.69,1054.53,1058.77,1055.76,508219700.0
2023-01-12,1060.97,1050.27,1058.52,1056.39,384586029.0
2023-01-13,1066.39,1055.23,1060.89,1060.17,670231695.0
2023-01-16,1067.74,1057.87,1062.19,1066.68,408111100.0
2023-01-17,1088.29,1069.86,1071.37,1088.29,592759400.0
2023-01-18,1100.39,1089.56,1092.5,1098.28,553782600.0
2023-01-19,1111.72,1094.46,1095.55,1108.08,578271400.0
2023-01-20,1111.72,1094.46,1095.55,1108.08,578271400.0
2023-01-23,1111.72,1094.46,1095.55,1108.08,578271400.0
2023-01-24,1111.72,1094.46,1095.55,1108.08,578271400.0
2023-01-25,1111.72,1094.46,1095.55,1108.08,578271400.0
2023-01-26,1111.72,1094.46,1095.55,1108.08,578271400.0
2023-01-27,1124.3,1111.41,1114.15,1117.1,571615000.0
2023-01-30,1118.46,1102.57,1117.7,1102.57,751484500.0
2023-01-31,1111.18,1088.25,1100.74,1111.18,653586100.0
2023-02-01,1116.96,1075.97,1114.66,1075.97,974095334.0
2023-02-02,1083.36,1070.81,1079.23,1077.59,592697450.0
2023-02-03,1081.89,1070.46,1078.79,1077.15,506090100.0
2023-02-06,1089.29,1067.24,1073.44,1089.29,415388100.0
2023-02-07,1092.12,1065.18,1088.07,1065.84,594950572.0
2023-02-08,1079.51,1063.5,1067.58,1072.22,480268400.0
2023-02-09,1075.2,1064.03,1070.3,1064.03,383279200.0
2023-02-10,1066.28,1054.08,1065.84,1055.3,405865100.0
2023-02-13,1054.05,1031.7,1050.92,1043.7,603924900.0
2023-02-14,1046.64,1032.76,1045.38,1038.64,338516800.0
2023-02-15,1051.89,1034.39,1037.17,1048.2,494079200.0
2023-02-16,1058.29,1047.45,1051.16,1058.29,410294000.0
2023-02-17,1062.25,1053.26,1058.97,1059.31,429221700.0
2023-02-20,1088.01,1059.56,1059.56,1086.69,632371800.0
2023-02-21,1095.1,1081.8,1090.35,1082.23,654984700.0
2023-02-22,1073.93,1054.28,1073.62,1054.28,766700800.0
2023-02-23,1054.48,1030.58,1053.95,1053.66,635726600.0
2023-02-24,1052.49,1034.66,1051.55,1039.56,397316790.0
2023-02-27,1031.59,1017.55,1030.1,1021.25,513919000.0
2023-02-28,1034.36,1018.72,1027.79,1024.68,361724100.0
2023-03-01,1040.55,1013.37,1018.12,1040.55,468710710.0
2023-03-02,1043.8,1033.07,1039.05,1037.61,323460600.0
2023-03-03,1041.82,1022.78,1037.38,1024.77,384762000.0
2023-03-06,1042.43,1026.73,1032.42,1027.18,390065700.0
2023-03-07,1043.92,1033.32,1033.96,1037.84,424641600.0
2023-03-08,1049.18,1027.8,1028.77,1049.18,480632600.0
2023-03-09,1060.56,1049.45,1050.64,1055.95,557648200.0
2023-03-10,1053.86,1046.31,1050.55,1053.0,456782100.0
2023-03-13,1055.58,1045.46,1047.01,1052.8,524575300.0
2023-03-14,1051.56,1034.72,1049.3,1040.13,559130000.0
2023-03-15,1062.55,1049.26,1052.06,1062.19,549186800.0
2023-03-16,1058.73,1043.65,1056.18,1047.4,464145188.0
2023-03-17,1055.42,1043.54,1053.37,1045.14,492329800.0
2023-03-20,1042.6,1022.71,1041.99,1023.1,476089300.0
2023-03-21,1036.15,1017.05,1028.81,1032.43,381502000.0
2023-03-22,1042.84,1033.73,1035.84,1040.54,382708900.0
2023-03-23,1045.1,1030.93,1035.33,1045.1,369605000.0
2023-03-24,1052.29,1044.02,1047.11,1046.79,506946000.0
2023-03-27,1053.78,1041.99,1047.89,1052.25,510473100.0
2023-03-28,1059.83,1051.75,1055.12,1054.29,583110300.0
2023-03-29,1056.33,1048.26,1055.18,1056.33,415123604.0
2023-03-30,1066.23,1058.89,1061.32,1059.44,555220667.0
2023-03-31,1067.55,1059.79,1059.79,1064.64,574243800.0
2023-04-03,1079.28,1071.62,1074.2,1079.28,778917800.0
2023-04-04,1082.21,1075.1,1081.02,1078.45,746158000.0
2023-04-05,1080.86,1074.1,1079.06,1080.86,706897680.0
2023-04-06,1084.52,1070.91,1083.27,1070.91,955334562.0
2023-04-07,1072.94,1063.7,1071.09,1069.71,600601088.0
2023-04-10,1075.54,1063.45,1073.9,1065.35,789212128.0
2023-04-11,1070.56,1056.9,1063.67,1069.46,642643084.0
2023-04-12,1072.7,1066.43,1071.66,1069.45,660871916.0
2023-04-13,1070.88,1062.26,1070.87,1064.3,595747688.0
2023-04-14,1068.79,1052.89,1067.18,1052.89,724480200.0
2023-04-17,1054.72,1049.11,1053.15,1053.81,406565600.0
2023-04-18,1057.15,1050.89,1055.85,1055.02,494431200.0
2023-04-19,1058.14,1047.47,1057.88,1048.98,496274699.0
2023-04-20,1051.86,1045.85,1050.02,1049.25,332580000.0
2023-04-21,1050.4,1041.26,1050.05,1042.91,512429096.0
2023-04-24,1047.18,1038.36,1045.31,1041.36,452587200.0
2023-04-25,1045.79,1032.49,1045.79,1034.85,488994205.0
2023-04-26,1040.8,1029.19,1034.02,1040.8,431573300.0
2023-04-27,1044.25,1037.62,1041.03,1039.63,466451198.0
2023-04-28,1049.12,1042.04,1043.18,1049.12,574314687.0
2023-05-01,1049.12,1042.04,1043.18,1049.12,574314687.0
2023-05-02,1049.12,1042.04,1043.18,1049.12,574314687.0
2023-05-03,1049.12,1042.04,1043.18,1049.12,574314687.0
2023-05-04,1048.16,1038.18,1046.0,1040.61,571589992.0
2023-05-05,1043.22,1036.69,1040.22,1040.31,439888399.0
2023-05-08,1053.44,1040.31,1040.31,1053.44,596496596.0
2023-05-09,1058.71,1052.68,1055.42,1053.77,502515296.0
2023-05-10,1058.67,1053.34,1055.62,1058.26,651010589.0
2023-05-11,1063.69,1056.72,1060.75,1057.12,681482895.0
2023-05-12,1066.9,1053.97,1057.7,1066.9,688543798.0
2023-05-15,1076.32,1065.71,1075.08,1065.71,783742292.0
2023-05-16,1069.27,1063.65,1068.54,1065.91,592131699.0
2023-05-17,1069.95,1060.44,1066.46,1060.44,762187700.0
2023-05-18,1073.41,1060.94,1063.72,1068.31,590882500.0
2023-05-19,1070.15,1058.56,1069.62,1067.07,661637199.0
2023-05-22,1070.64,1065.88,1067.32,1070.64,634633394.0
2023-05-23,1073.96,1062.15,1073.2,1065.85,669791099.0
2023-05-24,1069.61,1060.6,1069.11,1061.79,684806396.0
2023-05-25,1065.5,1057.91,1061.95,1064.63,615385098.0
2023-05-26,1067.28,1063.76,1067.11,1063.76,596411399.0
2023-05-29,1077.18,1067.27,1067.27,1074.98,738474496.0
2023-05-30,1079.31,1071.01,1078.82,1078.05,816002498.0
2023-05-31,1079.11,1071.38,1078.39,1075.17,861773099.0
2023-06-01,1078.39,1071.61,1076.27,1078.39,820373400.0
2023-06-02,1092.24,1083.36,1084.19,1090.84,973372400.0
2023-06-05,1103.81,1096.76,1100.2,1097.82,893972894.0
2023-06-06,1108.31,1098.28,1099.99,1108.31,782674898.0
2023-06-07,1112.28,1104.26,1111.67,1109.54,930395400.0
2023-06-08,1115.14,1101.32,1111.86,1101.32,1211637498.0
2023-06-09,1107.53,1097.23,1103.11,1107.53,839731399.0
2023-06-12,1116.02,1100.08,1110.26,1116.02,726269396.0
2023-06-13,1122.46,1116.1,1117.43,1122.46,870411556.0
2023-06-14,1129.49,1117.42,1124.56,1117.42,845985495.0
2023-06-15,1120.13,1112.11,1117.06,1116.97,675615198.0
2023-06-16,1128.92,1112.51,1121.92,1115.22,1075388694.0
2023-06-19,1117.23,1104.73,1115.68,1105.4,723615794.0
2023-06-20,1111.72,1102.58,1105.75,1111.72,593189197.0
2023-06-21,1118.46,1110.65,1112.73,1118.46,800886000.0
2023-06-22,1127.54,1122.27,1126.23,1125.3,829019298.0
2023-06-23,1130.61,1122.62,1126.23,1129.38,857067499.0
2023-06-26,1134.0,1119.95,1130.08,1132.03,955146794.0
2023-06-27,1136.49,1128.82,1134.55,1134.33,645603695.0
2023-06-28,1140.56,1131.86,1137.18,1138.35,773617647.0
2023-06-29,1140.43,1125.39,1139.31,1125.39,839195975.0
2023-06-30,1126.33,1120.01,1124.3,1120.18,545250297.0
2023-07-03,1128.35,1121.17,1125.55,1125.5,503824145.0
2023-07-04,1132.12,1123.49,1127.11,1132.0,638817697.0
2023-07-05,1138.67,1133.45,1136.55,1134.62,745152500.0
2023-07-06,1135.81,1122.35,1133.7,1126.22,873408599.0
2023-07-07,1138.07,1122.94,1125.07,1138.07,713838698.0
2023-07-10,1149.02,1140.03,1142.61,1149.02,814696484.0
2023-07-11,1157.01,1149.69,1151.13,1151.77,851937696.0
2023-07-12,1157.43,1149.28,1154.37,1154.2,696596095.0
2023-07-13,1165.42,1158.15,1159.88,1165.42,760650797.0
2023-07-14,1169.84,1156.28,1169.2,1168.4,973944099.0
2023-07-17,1174.89,1168.77,1171.75,1173.13,852601583.0
2023-07-18,1175.7,1170.04,1173.23,1174.09,760019590.0
2023-07-19,1178.55,1172.98,1177.5,1172.98,799774192.0
2023-07-20,1174.39,1166.62,1171.83,1172.81,740459807.0
2023-07-21,1185.9,1172.07,1173.18,1185.9,899615350.0
2023-07-24,1193.22,1183.39,1190.74,1190.72,988829242.0
2023-07-25,1199.27,1193.34,1194.63,1195.9,919195101.0
2023-07-26,1200.84,1195.44,1195.5,1200.84,849081405.0
2023-07-27,1203.69,1191.08,1201.69,1197.33,1079101085.0
2023-07-28,1207.67,1195.86,1197.32,1207.67,1048693889.0
2023-07-31,1224.81,1212.81,1219.66,1222.9,1124068439.0
2023-08-01,1234.5,1217.56,1230.19,1217.56,1207954174.0
2023-08-02,1223.04,1213.18,1217.17,1220.43,850082857.0
2023-08-03,1222.35,1209.06,1219.73,1210.95,979172024.0
2023-08-04,1228.12,1214.17,1216.27,1225.98,1087043095.0
2023-08-07,1241.42,1230.38,1233.1,1241.42,1115170606.0
2023-08-08,1246.22,1239.01,1244.35,1242.23,1116419091.0
2023-08-09,1241.96,1231.28,1240.68,1233.99,1012519359.0
2023-08-10,1238.19,1220.61,1236.31,1220.61,983439649.0
2023-08-11,1232.21,1213.37,1228.92,1232.21,984833473.0
2023-08-14,1239.61,1229.04,1237.14,1236.84,1035132343.0
2023-08-15,1239.42,1230.58,1239.42,1234.05,850711943.0
2023-08-16,1243.48,1235.27,1239.95,1243.26,867014966.0
2023-08-17,1243.98,1233.48,1242.58,1233.48,1050179969.0
2023-08-18,1228.98,1177.74,1227.02,1177.99,1647301285.0
2023-08-21,1188.16,1164.63,1177.01,1179.76,1004947430.0
2023-08-22,1184.43,1149.13,1183.92,1180.49,989598015.0
2023-08-23,1193.79,1168.89,1192.96,1172.56,653729364.0
2023-08-24,1189.99,1171.33,1175.2,1189.39,797298659.0
2023-08-25,1192.59,1181.6,1188.99,1183.37,828435338.0
2023-08-28,1202.02,1189.43,1189.43,1201.72,765267986.0
2023-08-29,1208.78,1197.57,1204.75,1204.43,904317444.0
2023-08-30,1213.52,1203.51,1206.25,1213.16,864553394.0
2023-08-31,1224.84,1214.39,1216.0,1224.05,887221303.0
2023-09-01,1224.84,1214.39,1216.0,1224.05,887221303.0
2023-09-04,1224.84,1214.39,1216.0,1224.05,887221303.0
2023-09-05,1236.21,1228.7,1231.43,1234.98,984096413.0
2023-09-06,1245.5,1229.89,1237.07,1245.5,1067519291.0
2023-09-07,1255.11,1240.82,1248.91,1243.14,1100446450.0
2023-09-08,1248.1,1240.15,1242.28,1241.48,973717974.0
2023-09-11,1251.37,1223.33,1250.48,1223.63,1310639802.0
2023-09-12,1245.44,1220.85,1227.16,1245.44,881050603.0
2023-09-13,1250.61,1232.84,1248.94,1238.39,1191621722.0
2023-09-14,1244.21,1223.03,1238.19,1223.81,1162322737.0
2023-09-15,1233.87,1220.27,1228.87,1227.36,868566530.0
2023-09-18,1226.56,1203.88,1225.6,1211.81,762126882.0
2023-09-19,1219.57,1199.85,1215.96,1211.5,894414350.0
2023-09-20,1226.11,1209.46,1212.7,1226.11,763673570.0
2023-09-21,1227.88,1211.65,1226.79,1212.74,923868903.0
2023-09-22,1199.13,1174.57,1197.49,1193.05,1317428252.0
2023-09-25,1195.62,1153.2,1190.58,1153.2,995967927.0
2023-09-26,1163.52,1137.96,1150.94,1137.96,961032520.0
2023-09-27,1153.85,1126.36,1139.76,1153.85,785214196.0
2023-09-28,1155.39,1136.99,1153.74,1152.43,654487289.0
2023-09-29,1163.88,1152.45,1157.76,1154.15,536070186.0
2023-10-02,1161.48,1149.63,1155.07,1155.25,465888090.0
2023-10-03,1146.59,1117.28,1145.85,1118.1,940147219.0
2023-10-04,1133.79,1106.4,1106.61,1128.67,646704090.0
2023-10-05,1133.12,1113.89,1131.35,1113.89,556935540.0
2023-10-06,1129.13,1107.4,1115.23,1128.54,606537765.0
2023-10-09,1137.36,1127.03,1130.25,1137.36,545251858.0
2023-10-10,1150.34,1141.97,1143.6,1143.69,628149941.0
2023-10-11,1150.81,1138.22,1146.2,1150.81,499444242.0
2023-10-12,1156.73,1148.11,1155.12,1151.61,621291840.0
2023-10-13,1155.1,1138.99,1145.03,1154.73,594801349.0
2023-10-16,1157.46,1140.64,1152.69,1141.42,623409673.0
2023-10-17,1147.89,1121.65,1145.34,1121.65,572947922.0
2023-10-18,1125.27,1088.87,1123.73,1103.4,932038934.0
2023-10-19,1103.65,1087.85,1102.93,1087.85,615816621.0
2023-10-20,1108.16,1073.73,1085.83,1108.03,592521786.0
2023-10-23,1106.8,1086.54,1106.56,1093.53,500481939.0
2023-10-24,1107.3,1088.17,1095.42,1105.9,444069106.0
2023-10-25,1111.39,1100.64,1106.41,1101.66,483430997.0
2023-10-26,1083.22,1049.71,1082.8,1055.45,1129686333.0
2023-10-27,1061.87,1037.46,1059.41,1060.62,638920128.0
2023-10-30,1060.39,1042.4,1054.03,1042.4,470396938.0
2023-10-31,1046.17,1025.03,1045.6,1028.19,706900261.0
2023-11-01,1039.66,1020.01,1029.0,1039.66,604190197.0
2023-11-02,1075.47,1045.14,1048.62,1075.47,736277498.0
2023-11-03,1082.23,1071.11,1081.35,1076.78,709568793.0
2023-11-06,1089.66,1076.78,1082.21,1089.66,571437300.0
2023-11-07,1089.89,1079.42,1086.68,1080.29,540407498.0
2023-11-08,1113.43,1075.8,1079.14,1113.43,886291296.0
2023-11-09,1124.78,1112.13,1116.42,1113.89,1007657699.0
2023-11-10,1116.02,1101.23,1105.75,1101.68,955002299.0
2023-11-13,1107.91,1093.19,1103.66,1100.07,740255909.0
2023-11-14,1115.6,1101.67,1109.08,1109.73,771510093.0
2023-11-15,1132.75,1118.74,1124.56,1122.5,883431798.0
2023-11-16,1125.53,1114.97,1119.98,1125.53,606149798.0
2023-11-17,1129.84,1096.16,1128.14,1101.19,1178535597.0
2023-11-20,1111.26,1085.32,1085.4,1103.66,751153197.0
2023-11-21,1112.77,1103.79,1112.61,1110.46,601628500.0
2023-11-22,1115.47,1103.26,1111.35,1113.82,812591497.0
2023-11-23,1118.54,1088.49,1117.71,1088.49,952327292.0
2023-11-24,1095.61,1073.31,1090.97,1095.61,900881627.0
2023-11-27,1096.84,1085.69,1095.59,1088.06,507177396.0
2023-11-28,1095.43,1076.45,1088.6,1095.43,593255200.0
2023-11-29,1105.28,1096.33,1097.28,1102.8,562813100.0
2023-11-30,1107.45,1094.13,1101.75,1094.13,659979598.0
2023-12-01,1102.2,1090.08,1099.18,1102.16,569333260.0
2023-12-04,1123.96,1106.62,1107.74,1120.49,1038038191.0
2023-12-05,1124.11,1113.55,1122.28,1115.97,753445896.0
2023-12-06,1126.43,1116.03,1118.06,1126.43,777008797.0
2023-12-07,1129.83,1109.51,1128.67,1121.49,1298442633.0
2023-12-08,1127.46,1119.43,1122.09,1124.44,737605026.0
2023-12-11,1129.15,1120.32,1127.92,1125.5,618307398.0
2023-12-12,1129.77,1123.35,1127.55,1127.63,540735135.0
2023-12-13,1131.21,1112.08,1129.94,1114.2,763976999.0
2023-12-14,1120.36,1107.86,1119.62,1110.13,603906899.0
2023-12-15,1112.79,1102.3,1109.51,1102.3,684449897.0
2023-12-18,1103.74,1091.45,1103.36,1091.88,544995667.0
2023-12-19,1096.3,1082.29,1091.26,1096.3,562157577.0
2023-12-20,1102.27,1093.38,1098.1,1100.76,470477400.0
2023-12-21,1102.43,1094.47,1096.22,1102.43,451416808.0
2023-12-22,1104.65,1099.32,1103.08,1103.06,496344599.0
2023-12-25,1118.31,1104.27,1104.27,1117.66,551279599.0
2023-12-26,1123.11,1117.93,1120.11,1122.25,575288899.0
2023-12-27,1126.47,1121.99,1123.28,1121.99,570737700.0
2023-12-28,1130.58,1120.5,1122.57,1128.93,614925999.0
2023-12-29,1135.05,1129.93,1131.75,1129.93,621075896.0
2024-01-01,1135.05,1129.93,1131.75,1129.93,621075896.0
2024-01-02,1139.71,1128.69,1136.39,1131.72,778092693.0
2024-01-03,1144.17,1128.32,1130.53,1144.17,657568096.0
2024-01-04,1160.08,1144.32,1145.49,1150.72,1141646899.0
2024-01-05,1155.84,1149.08,1152.37,1154.68,760268299.0
2024-01-08,1162.56,1155.48,1159.42,1160.19,814410599.0
2024-01-09,1162.83,1155.46,1161.71,1158.59,799457699.0
2024-01-10,1166.1,1155.94,1158.79,1161.54,936249400.0
2024-01-11,1169.1,1157.43,1162.49,1162.22,787237200.0
2024-01-12,1161.91,1146.75,1154.91,1154.7,1038665399.0
2024-01-15,1163.75,1154.12,1159.37,1154.12,559640596.0
2024-01-16,1163.12,1147.71,1150.31,1163.12,570974548.0
2024-01-17,1168.46,1160.45,1161.95,1162.53,694214315.0
2024-01-18,1169.73,1162.62,1164.32,1169.06,569563599.0
2024-01-19,1181.5,1171.47,1171.5,1181.5,630781700.0
2024-01-22,1186.96,1175.54,1186.29,1182.86,871962100.0
2024-01-23,1184.74,1173.78,1183.96,1177.5,673842214.0
2024-01-24,1180.3,1172.0,1175.58,1172.97,720500188.0
2024-01-25,1173.83,1168.5,1173.58,1170.37,538172159.0
2024-01-26,1176.76,1173.43,1173.43,1175.67,561824219.0
2024-01-29,1180.46,1174.88,1177.23,1175.69,552811296.0
2024-01-30,1179.92,1174.13,1176.02,1179.65,564656361.0
2024-01-31,1182.53,1163.13,1181.62,1164.31,1023847799.0
2024-02-01,1174.5,1162.45,1162.78,1173.02,578639354.0
2024-02-02,1178.27,1169.7,1173.93,1172.55,790605931.0
2024-02-05,1188.45,1173.54,1174.22,1186.06,769980098.0
2024-02-06,1190.92,1185.68,1189.08,1188.48,566198900.0
2024-02-07,1199.52,1190.5,1190.51,1198.53,664714299.0
2024-02-08,1199.52,1190.5,1190.51,1198.53,664714299.0
2024-02-09,1199.52,1190.5,1190.51,1198.53,664714299.0
2024-02-12,1199.52,1190.5,1190.51,1198.53,664714299.0
2024-02-13,1199.52,1190.5,1190.51,1198.53,664714299.0
2024-02-14,1199.52,1190.5,1190.51,1198.53,664714299.0
2024-02-15,1207.56,1198.81,1203.08,1202.5,843733099.0
2024-02-16,1210.25,1204.29,1204.9,1209.7,783875499.0
2024-02-19,1225.48,1212.58,1213.24,1224.97,975154797.0
2024-02-20,1230.47,1222.66,1227.75,1230.06,843737899.0
2024-02-21,1234.22,1222.92,1231.78,1230.04,886283799.0
2024-02-22,1232.09,1226.15,1229.85,1227.31,795921654.0
2024-02-23,1240.81,1211.55,1230.3,1212.0,1327429358.0
2024-02-26,1225.21,1210.52,1212.93,1224.17,834749896.0
2024-02-27,1237.6,1226.49,1228.93,1237.46,916784879.0
2024-02-28,1254.55,1236.32,1241.77,1254.55,899521191.0
2024-02-29,1264.39,1247.7,1259.59,1252.73,1012951595.0
2024-03-01,1258.76,1247.87,1256.72,1258.28,891207771.0
2024-03-04,1268.25,1256.54,1264.07,1261.41,1060758964.0
2024-03-05,1269.98,1257.81,1262.89,1269.98,927988078.0
2024-03-06,1277.51,1256.3,1269.8,1262.73,1042550953.0
2024-03-07,1269.88,1260.24,1263.23,1268.46,948313679.0
2024-03-08,1274.3,1247.35,1272.62,1247.35,1308498300.0
2024-03-11,1254.01,1233.49,1248.32,1235.49,922753297.0
2024-03-12,1248.33,1233.14,1235.4,1245.0,792213293.0
2024-03-13,1270.51,1247.64,1250.2,1270.51,890291796.0
2024-03-14,1276.41,1258.67,1276.0,1264.26,1021280996.0
2024-03-15,1271.63,1252.36,1263.76,1263.78,1008834596.0
2024-03-18,1269.9,1221.67,1266.11,1243.56,1616423591.0
2024-03-19,1249.75,1238.92,1246.54,1242.46,782529595.0
2024-03-20,1261.55,1235.46,1243.79,1260.08,859094599.0
2024-03-21,1276.42,1264.2,1269.96,1276.42,1135242297.0
2024-03-22,1291.27,1276.38,1281.56,1281.8,1180760297.0
2024-03-25,1286.84,1264.51,1278.86,1267.86,1165944799.0
2024-03-26,1282.5,1264.42,1267.95,1282.21,858410797.0
2024-03-27,1286.72,1276.95,1286.34,1283.09,803249597.0
2024-03-28,1293.9,1285.52,1293.03,1290.18,888387914.0
2024-03-29,1292.75,1282.44,1292.7,1284.09,796634597.0
2024-04-01,1286.8,1274.09,1282.84,1281.52,899388445.0
2024-04-02,1287.04,1268.48,1276.38,1287.04,1031022100.0
2024-04-03,1288.99,1271.47,1285.3,1271.47,995889194.0
2024-04-04,1277.62,1265.12,1271.87,1268.25,921606498.0
2024-04-05,1265.14,1253.56,1258.58,1255.11,1040744955.0
2024-04-08,1258.4,1246.87,1255.37,1250.35,790344900.0
2024-04-09,1262.82,1247.7,1252.4,1262.82,648177200.0
2024-04-10,1268.72,1258.56,1266.48,1258.56,633149400.0
2024-04-11,1262.03,1248.11,1249.88,1258.2,642868552.0
2024-04-12,1278.39,1259.5,1262.96,1276.6,696705294.0
2024-04-15,1281.81,1216.61,1274.02,1216.61,1317882799.0
2024-04-16,1222.45,1191.73,1218.64,1215.68,1214696265.0
2024-04-17,1221.47,1193.01,1221.47,1193.01,766171793.0
2024-04-18,1221.47,1193.01,1221.47,1193.01,766171793.0
2024-04-19,1190.96,1165.99,1180.87,1174.85,1024739012.0
2024-04-22,1193.88,1181.13,1186.66,1190.22,616214281.0
2024-04-23,1192.8,1169.61,1190.56,1177.4,672944408.0
2024-04-24,1207.61,1185.13,1186.47,1205.61,691468850.0
2024-04-25,1208.41,1200.21,1206.25,1204.97,489117744.0
2024-04-26,1216.6,1198.73,1199.83,1209.52,574398922.0
2024-04-29,1216.6,1198.73,1199.83,1209.52,574398922.0
2024-04-30,1216.6,1198.73,1199.83,1209.52,574398922.0
2024-05-01,1216.6,1198.73,1199.83,1209.52,574398922.0
2024-05-02,1216.36,1206.28,1212.13,1216.36,514112523.0
2024-05-03,1225.75,1218.33,1222.54,1221.03,624128817.0
2024-05-06,1241.58,1224.22,1226.89,1241.58,850534630.0
2024-05-07,1250.63,1240.09,1245.5,1248.63,705355094.0
2024-05-08,1251.62,1234.76,1243.32,1250.46,820182331.0
2024-05-09,1256.8,1243.29,1252.81,1248.64,641634639.0
2024-05-10,1252.5,1237.46,1251.78,1244.7,668302103.0
2024-05-13,1249.2,1233.56,1248.19,1240.18,637079540.0
2024-05-14,1252.52,1240.88,1246.23,1243.28,529128121.0
2024-05-15,1257.92,1248.02,1248.61,1254.39,759307900.0
2024-05-16,1271.66,1261.19,1264.51,1268.78,808757789.0
2024-05-17,1271.66,1261.19,1264.51,1268.78,808757789.0
2024-05-20,1285.19,1277.36,1281.5,1277.58,957731071.0
2024-05-21,1281.29,1267.29,1277.85,1277.14,838130935.0
2024-05-22,1283.06,1263.87,1280.26,1266.91,987225260.0
2024-05-23,1281.03,1262.29,1265.6,1281.03,833706141.0
2024-05-24,1285.07,1250.28,1276.68,1261.93,1244899730.0
2024-05-27,1267.68,1257.27,1263.46,1267.68,598633585.0
2024-05-28,1281.73,1269.37,1272.23,1281.73,744093359.0
2024-05-29,1285.63,1271.6,1284.74,1272.64,967107344.0
2024-05-30,1269.07,1251.8,1264.45,1266.32,958527286.0
2024-05-31,1271.07,1261.43,1268.37,1261.72,617744480.0
2024-06-03,1284.48,1271.65,1271.65,1280.0,930986500.0
2024-06-04,1289.31,1281.98,1285.51,1283.52,785852881.0
2024-06-05,1293.93,1284.35,1287.12,1284.35,810151817.0
2024-06-06,1292.02,1278.4,1288.53,1283.56,798030139.0
2024-06-07,1293.03,1283.13,1289.05,1287.58,604714800.0
2024-06-10,1297.39,1287.44,1292.67,1290.67,778969124.0
2024-06-11,1296.41,1279.47,1295.03,1284.41,859350069.0
2024-06-12,1301.35,1281.71,1285.01,1300.19,771489483.0
2024-06-13,1306.01,1297.6,1305.69,1301.51,829277993.0
2024-06-14,1305.02,1279.91,1303.24,1279.91,1009516769.0
2024-06-17,1283.1,1272.54,1282.08,1274.77,780427600.0
2024-06-18,1286.52,1278.38,1279.39,1279.5,633200730.0
2024-06-19,1284.14,1270.66,1283.0,1279.79,767937021.0
2024-06-20,1286.54,1273.54,1280.98,1282.3,818093366.0
2024-06-21,1288.06,1279.44,1285.07,1282.02,702730366.0
2024-06-24,1284.84,1252.66,1281.07,1254.12,1098139948.0
2024-06-25,1260.07,1250.25,1255.77,1256.56,548064547.0
2024-06-26,1262.67,1247.55,1258.95,1261.24,589076995.0
2024-06-27,1262.49,1255.12,1260.71,1259.09,469971852.0
2024-06-28,1262.61,1240.15,1260.27,1245.32,671571132.0
2024-07-01,1254.56,1240.07,1246.33,1254.56,432926586.0
2024-07-02,1270.47,1257.93,1258.87,1269.79,470398369.0
2024-07-03,1278.14,1268.23,1273.26,1276.85,501940903.0
2024-07-04,1283.13,1274.58,1278.87,1279.89,475715974.0
2024-07-05,1284.98,1276.93,1281.21,1283.04,589214874.0
2024-07-08,1287.14,1277.68,1285.34,1283.56,766898184.0
2024-07-09,1294.15,1283.62,1286.33,1293.71,757405945.0
2024-07-10,1297.96,1285.94,1295.57,1285.94,677540818.0
2024-07-11,1293.32,1283.8,1291.14,1283.8,636329860.0
2024-07-12,1288.67,1277.16,1284.79,1280.75,546826260.0
2024-07-15,1286.37,1276.27,1284.14,1279.82,474355391.0
2024-07-16,1291.47,1279.37,1282.83,1281.18,637193906.0
2024-07-17,1290.76,1256.42,1286.07,1268.66,1174012593.0
2024-07-18,1274.67,1256.21,1270.95,1274.44,652387299.0
2024-07-19,1279.94,1260.68,1275.28,1264.78,724064305.0
2024-07-22,1267.43,1245.02,1261.42,1254.64,834239155.0
2024-07-23,1258.74,1231.81,1256.72,1231.81,662854184.0
2024-07-24,1242.4,1218.65,1225.5,1238.47,658298854.0
2024-07-25,1235.67,1226.2,1233.08,1233.19,421018935.0
2024-07-26,1242.11,1234.05,1235.21,1242.11,417284760.0
2024-07-29,1249.68,1243.08,1247.71,1246.6,464635925.0
2024-07-30,1248.73,1236.97,1247.23,1245.06,602295248.0
2024-07-31,1255.77,1246.3,1247.45,1251.51,685424883.0
2024-08-01,1257.85,1222.51,1254.59,1226.96,852236557.0
2024-08-02,1236.6,1209.77,1215.67,1236.6,657668495.0
2024-08-05,1220.99,1184.53,1219.23,1188.07,942539362.0
2024-08-06,1213.35,1186.74,1197.52,1210.28,612786967.0
2024-08-07,1217.79,1205.11,1216.96,1215.88,510053227.0
2024-08-08,1219.97,1202.58,1212.09,1208.32,639430907.0
2024-08-09,1225.02,1212.4,1215.3,1223.64,544376076.0
2024-08-12,1231.46,1221.16,1225.95,1230.28,494561906.0
2024-08-13,1231.55,1223.01,1229.81,1230.42,488342076.0
2024-08-14,1236.51,1228.93,1233.7,1230.36,443199063.0
2024-08-15,1231.69,1222.28,1230.58,1223.56,432238084.0
2024-08-16,1253.24,1227.94,1228.27,1252.23,917105181.0
2024-08-19,1263.84,1256.45,1258.48,1261.62,609838096.0
2024-08-20,1275.95,1263.65,1263.65,1272.55,772109946.0
2024-08-21,1284.05,1268.91,1272.34,1284.05,715820941.0
2024-08-22,1288.42,1280.42,1287.34,1282.78,612261817.0
2024-08-23,1287.43,1276.43,1283.22,1285.32,635652586.0
2024-08-26,1290.45,1278.72,1289.65,1280.02,691695175.0
2024-08-27,1282.92,1274.7,1279.55,1280.56,589958790.0
2024-08-28,1285.72,1276.9,1283.41,1281.44,658163171.0
2024-08-29,1288.2,1280.24,1281.15,1281.47,580472955.0
2024-08-30,1286.84,1282.58,1283.61,1283.87,510780520.0
2024-09-02,1286.84,1282.58,1283.61,1283.87,510780520.0
2024-09-03,1286.84,1282.58,1283.61,1283.87,510780520.0
2024-09-04,1277.27,1268.43,1271.39,1275.8,588157743.0
2024-09-05,1282.21,1266.05,1276.35,1268.21,594426347.0
2024-09-06,1274.44,1262.94,1268.26,1273.96,514936954.0
2024-09-09,1269.92,1262.97,1269.83,1267.73,433845957.0
2024-09-10,1271.83,1252.22,1269.83,1255.23,601503586.0
2024-09-11,1256.86,1244.79,1254.25,1253.27,517736132.0
2024-09-12,1260.93,1255.87,1258.42,1256.35,381112469.0
2024-09-13,1254.24,1248.78,1253.48,1251.71,383058286.0
2024-09-16,1255.42,1239.26,1251.08,1239.26,453594647.0
2024-09-17,1258.95,1238.69,1240.0,1258.95,460744690.0
2024-09-18,1271.77,1257.93,1261.23,1264.9,598374612.0
2024-09-19,1271.27,1264.82,1268.08,1271.27,477857099.0
2024-09-20,1283.3,1272.04,1277.73,1272.04,840427365.0
2024-09-23,1276.99,1267.87,1275.15,1268.48,455722792.0
2024-09-24,1276.99,1266.68,1268.25,1276.99,493764676.0
2024-09-25,1288.44,1280.47,1282.48,1287.48,904057882.0
2024-09-26,1298.71,1289.15,1290.03,1291.49,889834232.0
2024-09-27,1300.31,1287.21,1295.03,1290.92,874903594.0
2024-09-30,1292.03,1283.92,1290.17,1287.94,693266986.0
2024-10-01,1302.22,1290.68,1290.68,1292.2,922799879.0
2024-10-02,1293.69,1285.14,1289.65,1287.84,677770682.0
2024-10-03,1299.36,1276.51,1288.45,1278.1,1009745574.0
2024-10-04,1279.33,1270.6,1278.9,1270.6,568802884.0
2024-10-07,1278.61,1264.65,1275.59,1269.93,497177577.0
2024-10-08,1275.82,1266.94,1271.98,1271.98,650356225.0
2024-10-09,1283.01,1273.04,1273.96,1281.85,643343758.0
2024-10-10,1294.33,1284.97,1289.61,1286.36,665299882.0
2024-10-11,1289.37,1283.56,1287.66,1288.39,479872804.0
2024-10-14,1297.67,1286.13,1296.54,1286.34,670466089.0
2024-10-15,1294.05,1279.81,1287.81,1281.08,675124538.0
2024-10-16,1283.33,1276.4,1279.86,1279.48,482243077.0
2024-10-17,1286.52,1271.82,1282.65,1286.52,617838632.0
2024-10-18,1294.1,1285.46,1291.16,1285.46,607856932.0
2024-10-21,1287.71,1279.77,1284.17,1279.77,580256611.0
2024-10-22,1280.21,1265.44,1280.21,1269.89,728502963.0
2024-10-23,1273.21,1263.26,1270.58,1270.9,535847404.0
2024-10-24,1274.11,1257.41,1271.17,1257.41,592565307.0
2024-10-25,1261.72,1251.75,1260.94,1252.72,525129703.0
2024-10-28,1255.18,1250.94,1252.76,1254.77,400508458.0
2024-10-29,1262.38,1257.43,1258.03,1261.78,490665420.0
2024-10-30,1264.84,1255.07,1263.57,1258.63,475263319.0
2024-10-31,1267.88,1255.55,1260.23,1264.48,469049009.0
2024-11-01,1264.67,1254.33,1262.39,1254.89,537480675.0
2024-11-04,1256.96,1242.36,1255.92,1244.71,589307714.0
2024-11-05,1248.97,1243.55,1244.85,1245.76,332607121.0
2024-11-06,1262.44,1250.57,1251.22,1261.28,502638895.0
2024-11-07,1267.09,1259.75,1266.61,1259.75,470366654.0
2024-11-08,1264.09,1250.77,1262.84,1252.56,503244952.0
2024-11-11,1253.87,1241.29,1253.81,1250.32,712083666.0
2024-11-12,1257.02,1242.91,1251.79,1244.82,516346103.0
2024-11-13,1247.04,1234.62,1242.94,1246.04,587203568.0
2024-11-14,1247.07,1231.69,1243.85,1231.89,555483270.0
2024-11-15,1229.59,1217.03,1229.36,1218.57,668031264.0
2024-11-18,1225.38,1204.6,1218.3,1217.12,555960091.0
2024-11-19,1221.4,1205.15,1220.68,1205.15,437479185.0
2024-11-20,1222.73,1197.99,1203.71,1216.54,649274185.0
2024-11-21,1228.55,1214.06,1217.3,1228.33,427350380.0
2024-11-22,1233.42,1226.33,1228.95,1228.1,453742385.0
2024-11-25,1236.57,1229.02,1229.39,1234.7,409112104.0
2024-11-26,1246.83,1235.22,1235.63,1242.13,503889875.0
2024-11-27,1245.34,1239.23,1241.36,1241.97,366063077.0
2024-11-28,1250.46,1240.91,1246.37,1242.11,414791382.0
2024-11-29,1250.92,1241.0,1242.51,1250.46,427885583.0
2024-12-02,1258.05,1247.74,1255.73,1251.21,388759584.0
2024-12-03,1253.83,1244.91,1251.43,1249.83,477509695.0
2024-12-04,1247.78,1239.82,1247.34,1240.41,505237488.0
2024-12-05,1269.18,1238.49,1241.81,1267.53,839923489.0
2024-12-06,1276.1,1268.58,1270.96,1270.14,599525392.0
2024-12-09,1277.69,1268.69,1271.46,1273.84,584652263.0
2024-12-10,1277.32,1270.32,1274.29,1272.07,499629205.0
2024-12-11,1276.67,1264.15,1273.23,1268.86,501800464.0
2024-12-12,1275.64,1265.99,1270.86,1267.35,487930453.0
2024-12-13,1266.55,1260.48,1264.98,1262.57,395226300.0
2024-12-16,1267.1,1258.65,1264.03,1263.79,385861320.0
2024-12-17,1265.45,1260.6,1264.95,1261.72,358215576.0
2024-12-18,1266.53,1261.49,1262.57,1266.0,391882514.0
2024-12-19,1259.76,1249.39,1256.9,1254.67,662711061.0
2024-12-20,1259.0,1253.9,1255.6,1257.5,441564886.0
2024-12-23,1265.2,1261.62,1262.45,1262.76,381648115.0
2024-12-24,1263.05,1253.78,1263.03,1260.36,520744496.0
2024-12-25,1283.09,1261.87,1262.03,1274.04,724345690.0
2024-12-26,1277.17,1271.99,1275.68,1272.87,502071890.0
2024-12-27,1277.89,1272.23,1275.56,1275.14,579882989.0
2024-12-30,1274.15,1268.77,1273.75,1272.02,452946957.0
2024-12-31,1272.46,1266.78,1272.25,1266.78,407171783.0
