date,code,high,low,open,close,volume_match
2019-10-01,VCB,83.6,81.8,82.1,83.4,795100
2019-10-02,VCB,83.7,81.7,83.4,82.0,1224650
2019-10-03,VCB,82.0,80.6,81.8,82.0,1003810
2019-10-04,VCB,83.5,81.8,82.0,83.0,1121700
2019-10-07,VCB,84.5,82.8,82.0,82.8,1134390
2019-10-08,VCB,85.3,82.8,82.0,85.1,1461940
2019-10-09,VCB,85.7,84.5,85.1,84.5,860160
2019-10-10,VCB,85.2,84.5,84.9,84.6,753670
2019-10-11,VCB,85.4,84.4,84.5,85.3,730370
2019-10-14,VCB,86.0,85.0,85.5,85.0,620800
2019-10-15,VCB,85.4,84.7,85.0,85.2,648400
2019-10-16,VCB,86.3,85.7,86.1,86.1,668740
2019-10-17,VCB,86.4,84.8,86.4,85.2,1023870
2019-10-18,VCB,85.8,84.8,85.5,85.0,417240
2019-10-21,VCB,84.9,83.6,84.9,84.2,561470
2019-10-22,VCB,85.8,84.2,84.2,85.4,473090
2019-10-23,VCB,85.8,84.6,85.5,85.3,538120
2019-10-24,VCB,87.0,85.1,85.3,86.9,660180
2019-10-25,VCB,88.5,86.6,86.9,88.0,838210
2019-10-28,VCB,88.2,87.4,88.0,87.4,383850
2019-10-29,VCB,87.5,86.3,87.4,86.4,702620
2019-10-30,VCB,88.2,86.1,86.1,87.8,607710
2019-10-31,VCB,88.5,87.6,88.1,87.7,319340
2019-11-01,VCB,89.4,87.5,87.7,88.8,1071470
2019-11-04,VCB,92.5,89.3,89.3,92.0,1091260
2019-11-05,VCB,92.5,90.7,92.1,90.8,616630
2019-11-06,VCB,92.3,90.7,90.8,91.0,673230
2019-11-07,VCB,91.9,91.0,91.0,91.3,360850
2019-11-08,VCB,91.9,90.8,91.3,91.5,416510
2019-11-11,VCB,91.8,91.0,91.8,91.3,423790
2019-11-12,VCB,92.1,91.3,91.4,91.7,595820
2019-11-13,VCB,92.2,90.0,92.2,90.5,706550
2019-11-14,VCB,91.4,90.2,90.5,90.9,375320
2019-11-15,VCB,91.0,89.4,90.0,89.7,565270
2019-11-18,VCB,89.9,87.5,89.5,87.6,700550
2019-11-19,VCB,91.0,88.0,88.0,91.0,526560
2019-11-20,VCB,91.0,89.5,91.0,89.5,516280
2019-11-21,VCB,89.7,87.5,89.1,87.5,1000670
2019-11-22,VCB,88.5,85.2,85.5,85.5,1346230
2019-11-25,VCB,86.0,82.6,85.5,84.5,1445550
2019-11-26,VCB,85.8,84.5,84.5,84.7,727130
2019-11-27,VCB,87.0,85.3,85.5,86.3,484360
2019-11-28,VCB,86.3,84.9,86.0,85.3,494650
2019-11-29,VCB,85.8,85.0,85.6,85.3,318000
2019-12-02,VCB,85.7,83.0,85.3,83.5,438800
2019-12-03,VCB,84.1,82.0,83.0,82.0,635370
2019-12-04,VCB,84.8,81.5,81.9,84.7,376730
2019-12-05,VCB,85.7,84.6,85.0,84.8,378490
2019-12-06,VCB,85.2,84.4,84.8,84.9,256400
2019-12-09,VCB,85.7,84.4,84.9,85.2,400740
2019-12-10,VCB,85.9,85.0,85.3,85.4,512290
2019-12-11,VCB,86.0,85.2,86.0,85.9,415080
2019-12-12,VCB,88.0,86.0,86.1,87.5,464750
2019-12-13,VCB,88.5,87.5,88.1,88.4,746800
2019-12-16,VCB,88.4,85.0,88.4,86.0,665550
2019-12-17,VCB,87.0,85.3,86.4,85.3,266250
2019-12-18,VCB,86.7,85.3,85.4,86.7,845740
2019-12-19,VCB,88.2,86.0,86.7,88.0,1014960
2019-12-20,VCB,88.5,87.8,88.0,88.3,389360
2019-12-23,VCB,91.0,88.9,88.9,90.9,937250
2019-12-24,VCB,90.8,88.9,90.8,90.0,507600
2019-12-25,VCB,90.9,89.0,90.0,89.9,230880
2019-12-26,VCB,90.5,89.0,90.5,89.4,404110
2019-12-27,VCB,90.5,88.3,89.3,90.5,498870
2019-12-30,VCB,92.2,90.0,90.5,91.0,660140
2019-12-31,VCB,91.1,90.1,90.6,90.2,230770
2020-01-01,VCB,91.1,90.1,90.6,90.2,230770
2020-01-02,VCB,91.4,89.7,90.2,90.8,386290
2020-01-03,VCB,91.8,89.9,91.5,89.9,536130
2020-01-06,VCB,89.5,87.5,89.2,87.5,880110
2020-01-07,VCB,87.9,85.4,87.0,87.8,1013270
2020-01-08,VCB,87.9,86.2,86.9,87.0,722280
2020-01-09,VCB,88.9,87.7,87.7,88.7,722670
2020-01-10,VCB,90.4,87.9,88.7,89.5,1526920
2020-01-13,VCB,89.8,89.0,89.0,89.4,1044640
2020-01-14,VCB,90.0,89.1,89.5,89.4,1001130
2020-01-15,VCB,89.6,88.8,89.6,89.3,1471860
2020-01-16,VCB,90.3,88.9,89.3,89.5,1171580
2020-01-17,VCB,94.5,89.5,89.5,94.5,2219790
2020-01-20,VCB,94.8,93.5,94.5,94.0,832190
2020-01-21,VCB,94.6,93.6,93.9,94.0,749590
2020-01-22,VCB,95.0,93.1,94.0,93.4,877710
2020-01-23,VCB,95.0,93.1,94.0,93.4,877710
2020-01-24,VCB,95.0,93.1,94.0,93.4,877710
2020-01-27,VCB,95.0,93.1,94.0,93.4,877710
2020-01-28,VCB,95.0,93.1,94.0,93.4,877710
2020-01-29,VCB,95.0,93.1,94.0,93.4,877710
2020-01-30,VCB,92.4,87.0,92.1,88.9,3541560
2020-01-31,VCB,89.8,87.7,88.0,88.7,1270160
2020-02-03,VCB,90.2,83.0,88.7,88.7,1457070
2020-02-04,VCB,89.8,87.7,89.0,89.8,1118410
2020-02-05,VCB,90.4,88.8,90.2,88.9,731310
2020-02-06,VCB,90.9,88.8,89.4,89.4,889570
2020-02-07,VCB,90.8,89.0,89.8,90.0,1170540
2020-02-10,VCB,89.5,88.5,89.2,88.9,607060
2020-02-11,VCB,89.5,88.9,89.0,89.2,520210
2020-02-12,VCB,89.8,89.1,89.8,89.4,609750
2020-02-13,VCB,89.5,88.8,89.2,89.3,633270
2020-02-14,VCB,89.8,89.0,89.0,89.3,432800
2020-02-17,VCB,89.9,89.1,89.3,89.4,343900
2020-02-18,VCB,89.6,89.0,89.6,89.4,432880
2020-02-19,VCB,89.5,89.0,89.0,89.5,264010
2020-02-20,VCB,90.4,89.2,89.7,89.5,541120
2020-02-21,VCB,89.5,89.0,89.5,89.0,898350
2020-02-24,VCB,88.0,86.0,86.0,87.2,995910
2020-02-25,VCB,87.0,85.8,86.0,86.2,1229530
2020-02-26,VCB,86.0,84.0,86.0,85.0,1163030
2020-02-27,VCB,84.6,82.9,84.0,84.0,1227980
2020-02-28,VCB,83.4,80.1,80.1,82.4,1710080
2020-03-02,VCB,82.2,81.3,81.5,81.8,668980
2020-03-03,VCB,83.5,82.2,83.5,82.2,848270
2020-03-04,VCB,82.0,81.0,82.0,81.7,581530
2020-03-05,VCB,83.6,82.2,82.2,83.1,833710
2020-03-06,VCB,85.7,82.0,83.0,84.5,884750
2020-03-09,VCB,80.9,78.6,79.0,78.6,1209500
2020-03-10,VCB,79.9,75.4,78.0,79.9,1433230
2020-03-11,VCB,80.4,74.4,80.4,77.0,1806190
2020-03-12,VCB,73.0,71.7,72.0,71.7,1582400
2020-03-13,VCB,73.0,66.7,66.7,71.0,1859750
2020-03-16,VCB,71.0,66.5,71.0,67.1,1022550
2020-03-17,VCB,67.5,63.6,67.5,67.5,1364590
2020-03-18,VCB,70.7,68.0,68.0,69.3,1099800
2020-03-19,VCB,68.7,66.0,67.3,66.0,1191150
2020-03-20,VCB,66.3,61.5,66.0,61.5,2763360
2020-03-23,VCB,58.5,57.2,57.6,57.2,1875070
2020-03-24,VCB,58.4,56.6,57.2,58.0,1498070
2020-03-25,VCB,62.0,59.7,60.0,62.0,1835730
2020-03-26,VCB,64.7,61.5,62.0,63.2,1484590
2020-03-27,VCB,65.9,62.5,63.3,64.1,1569620
2020-03-30,VCB,61.4,59.8,60.1,61.0,1637330
2020-03-31,VCB,64.1,60.0,61.5,62.0,957500
2020-04-01,VCB,65.9,61.5,61.5,65.0,1229320
2020-04-02,VCB,65.9,61.5,61.5,65.0,1229320
2020-04-03,VCB,66.3,64.0,65.0,65.5,1726690
2020-04-06,VCB,68.3,66.0,67.5,68.0,2111200
2020-04-07,VCB,69.0,66.8,68.0,68.2,1773570
2020-04-08,VCB,68.2,66.8,67.0,67.5,1778380
2020-04-09,VCB,72.0,68.0,68.0,71.0,1795170
2020-04-10,VCB,71.9,69.6,71.0,70.6,1599380
2020-04-13,VCB,71.8,70.0,70.6,70.8,1046830
2020-04-14,VCB,70.8,67.8,70.5,69.9,1944570
2020-04-15,VCB,71.3,69.7,69.7,70.9,1017740
2020-04-16,VCB,71.2,69.8,70.0,71.2,1057050
2020-04-17,VCB,71.8,70.9,71.5,71.4,1473140
2020-04-20,VCB,72.4,70.8,71.7,71.9,1026030
2020-04-21,VCB,71.5,67.8,71.0,71.5,2159110
2020-04-22,VCB,71.1,69.0,69.0,69.3,1612290
2020-04-23,VCB,71.0,68.8,71.0,69.2,1201610
2020-04-24,VCB,69.6,67.5,69.2,68.9,972170
2020-04-27,VCB,69.9,66.8,69.9,66.8,2547060
2020-04-28,VCB,68.5,65.2,66.8,67.0,2052860
2020-04-29,VCB,68.1,67.0,68.0,68.0,1523750
2020-04-30,VCB,68.1,67.0,68.0,68.0,1523750
2020-05-01,VCB,68.1,67.0,68.0,68.0,1523750
2020-05-04,VCB,68.1,66.8,68.0,67.4,852260
2020-05-05,VCB,67.7,66.8,67.3,66.8,1007640
2020-05-06,VCB,67.7,66.5,67.3,67.6,855770
2020-05-07,VCB,69.7,67.7,67.8,69.7,1936540
2020-05-08,VCB,74.2,69.8,70.0,73.5,3865590
2020-05-11,VCB,74.5,72.5,74.5,74.5,1696160
2020-05-12,VCB,76.0,74.4,74.6,75.6,2199500
2020-05-13,VCB,76.5,72.0,75.6,75.6,1851970
2020-05-14,VCB,76.4,74.9,75.0,76.0,2121750
2020-05-15,VCB,76.5,75.6,76.4,76.0,1596240
2020-05-18,VCB,79.0,75.8,76.3,78.5,1002690
2020-05-19,VCB,80.1,78.8,79.9,79.0,1129270
2020-05-20,VCB,79.7,78.4,78.4,79.6,710200
2020-05-21,VCB,81.2,79.6,80.0,81.2,1425500
2020-05-22,VCB,81.3,80.0,81.2,81.0,805710
2020-05-25,VCB,81.3,80.8,80.9,81.1,708710
2020-05-26,VCB,82.6,81.0,81.0,82.5,740930
2020-05-27,VCB,84.4,82.9,83.0,82.9,817770
2020-05-28,VCB,85.1,83.0,83.0,84.5,1849310
2020-05-29,VCB,86.0,84.5,85.0,85.2,1161180
2020-06-01,VCB,86.7,85.5,85.5,86.5,725310
2020-06-02,VCB,86.9,86.3,86.9,86.6,1009040
2020-06-03,VCB,87.9,86.9,87.0,87.9,462750
2020-06-04,VCB,89.0,88.0,88.0,89.0,450240
2020-06-05,VCB,89.3,87.0,89.1,89.0,810570
2020-06-08,VCB,90.2,88.4,89.0,89.4,802240
2020-06-09,VCB,90.0,89.4,89.9,89.5,417690
2020-06-10,VCB,89.8,89.3,89.5,89.6,793590
2020-06-11,VCB,89.6,87.0,89.5,88.0,1163900
2020-06-12,VCB,86.5,82.5,82.5,85.6,1612920
2020-06-15,VCB,85.8,81.8,85.6,82.0,1218540
2020-06-16,VCB,84.0,82.4,84.0,83.7,802980
2020-06-17,VCB,85.2,83.8,85.0,84.2,737830
2020-06-18,VCB,86.5,83.9,84.0,85.0,1809780
2020-06-19,VCB,86.0,85.0,85.0,85.4,723970
2020-06-22,VCB,85.6,85.0,85.0,85.5,1308600
2020-06-23,VCB,87.0,85.3,85.5,86.0,917230
2020-06-24,VCB,86.0,84.1,86.0,84.7,710160
2020-06-25,VCB,84.4,82.7,82.7,83.7,506650
2020-06-26,VCB,84.7,83.0,84.1,83.3,355930
2020-06-29,VCB,83.3,81.1,83.3,81.5,594140
2020-06-30,VCB,82.5,80.0,82.5,80.3,709990
2020-07-01,VCB,82.7,80.0,80.3,82.7,404440
2020-07-02,VCB,83.2,81.0,83.2,82.6,469040
2020-07-03,VCB,83.3,82.2,82.5,83.0,370340
2020-07-06,VCB,83.4,82.4,83.0,82.9,1218830
2020-07-07,VCB,84.2,83.3,84.0,83.4,1336830
2020-07-08,VCB,83.4,82.8,83.2,83.0,485190
2020-07-09,VCB,83.9,83.3,83.9,83.6,962170
2020-07-10,VCB,83.6,82.1,83.4,82.7,918560
2020-07-13,VCB,83.5,82.4,83.4,82.9,371630
2020-07-14,VCB,83.0,82.2,82.9,83.0,427110
2020-07-15,VCB,83.8,83.2,83.2,83.5,1198530
2020-07-16,VCB,83.9,82.9,83.8,83.5,1091190
2020-07-17,VCB,83.6,82.8,83.6,82.8,628000
2020-07-20,VCB,82.7,81.7,82.2,82.2,696830
2020-07-21,VCB,82.8,81.7,82.5,82.5,681740
2020-07-22,VCB,82.5,82.2,82.5,82.5,625320
2020-07-23,VCB,82.8,82.1,82.5,82.5,1350870
2020-07-24,VCB,82.3,78.5,82.1,81.0,1341540
2020-07-27,VCB,80.0,76.0,76.0,77.0,1274570
2020-07-28,VCB,78.8,76.5,77.0,78.5,910690
2020-07-29,VCB,78.0,75.1,76.0,77.5,833570
2020-07-30,VCB,78.5,77.3,77.6,77.4,937680
2020-07-31,VCB,77.4,76.0,76.0,76.4,672940
2020-08-03,VCB,78.8,76.0,76.0,78.8,422820
2020-08-04,VCB,81.9,79.4,80.0,81.9,616840
2020-08-05,VCB,83.0,80.4,81.9,82.7,778840
2020-08-06,VCB,83.1,81.9,82.6,82.8,802350
2020-08-07,VCB,83.0,82.4,83.0,82.9,518660
2020-08-10,VCB,83.2,81.9,83.0,81.9,576570
2020-08-11,VCB,82.6,81.8,82.5,82.1,312920
2020-08-12,VCB,82.3,81.9,82.1,82.1,310430
2020-08-13,VCB,83.0,82.0,82.9,83.0,385320
2020-08-14,VCB,83.1,81.9,83.0,82.0,820270
2020-08-17,VCB,82.9,81.7,82.3,82.3,389480
2020-08-18,VCB,82.6,81.7,82.3,82.3,331690
2020-08-19,VCB,83.0,82.0,82.3,83.0,586790
2020-08-20,VCB,84.5,83.0,83.0,83.0,1093620
2020-08-21,VCB,83.2,82.6,83.0,82.9,1281740
2020-08-24,VCB,84.6,83.0,83.0,83.9,1530010
2020-08-25,VCB,84.9,83.9,83.9,83.9,1748400
2020-08-26,VCB,83.9,83.4,83.9,83.5,1585740
2020-08-27,VCB,83.9,83.2,83.5,83.5,1003280
2020-08-28,VCB,83.9,83.3,83.6,83.4,1645430
2020-08-31,VCB,84.5,82.8,84.0,83.0,971310
2020-09-01,VCB,83.3,82.9,83.0,83.0,1625600
2020-09-02,VCB,83.3,82.9,83.0,83.0,1625600
2020-09-03,VCB,86.5,83.7,83.7,86.2,2503810
2020-09-04,VCB,86.1,84.8,85.0,84.9,2425360
2020-09-07,VCB,85.1,83.6,84.7,83.6,1181750
2020-09-08,VCB,83.9,82.3,83.6,82.5,1985560
2020-09-09,VCB,83.2,81.5,82.0,82.2,1472680
2020-09-10,VCB,83.3,82.1,83.0,82.1,689700
2020-09-11,VCB,82.6,81.8,82.1,82.3,665690
2020-09-14,VCB,83.1,82.7,82.8,83.0,594680
2020-09-15,VCB,83.5,82.5,83.0,82.5,998970
2020-09-16,VCB,83.1,82.0,82.6,82.9,628030
2020-09-17,VCB,83.0,82.0,82.5,82.5,1043250
2020-09-18,VCB,83.0,82.4,82.4,82.9,1188400
2020-09-21,VCB,83.6,83.0,83.1,83.0,1671360
2020-09-22,VCB,84.4,82.8,83.0,84.0,1746960
2020-09-23,VCB,85.5,84.2,84.2,85.4,1395190
2020-09-24,VCB,86.2,84.1,84.1,86.1,1628730
2020-09-25,VCB,86.2,85.5,86.1,86.0,1107270
2020-09-28,VCB,86.2,85.4,85.8,86.0,1254760
2020-09-29,VCB,86.1,83.8,86.0,84.6,1609090
2020-09-30,VCB,85.0,83.8,85.0,84.1,584450
2020-10-01,VCB,85.1,84.2,85.1,84.8,367030
2020-10-02,VCB,85.0,80.0,84.8,84.0,890840
2020-10-05,VCB,85.0,83.4,84.5,83.5,811740
2020-10-06,VCB,84.4,83.2,83.8,83.9,1105060
2020-10-07,VCB,85.2,83.1,83.6,85.0,988270
2020-10-08,VCB,85.5,83.8,85.5,84.8,549140
2020-10-09,VCB,85.0,84.5,84.5,84.8,366200
2020-10-12,VCB,87.0,84.8,86.0,85.9,1574610
2020-10-13,VCB,86.9,85.5,86.0,86.5,814530
2020-10-14,VCB,89.0,86.7,86.8,88.2,1206380
2020-10-15,VCB,88.6,86.8,88.2,88.6,1424740
2020-10-16,VCB,88.6,87.5,88.5,88.2,668850
2020-10-19,VCB,88.3,87.5,88.0,87.5,1052250
2020-10-20,VCB,87.8,86.9,87.0,87.7,1075780
2020-10-21,VCB,88.6,85.9,87.8,86.2,1452050
2020-10-22,VCB,86.6,85.1,86.1,86.6,1320610
2020-10-23,VCB,87.5,86.7,86.9,87.5,657830
2020-10-26,VCB,87.8,86.0,87.5,86.0,911390
2020-10-27,VCB,87.3,85.5,86.0,86.0,1169320
2020-10-28,VCB,86.5,83.5,86.0,84.2,866330
2020-10-29,VCB,84.8,83.5,84.4,83.6,764720
2020-10-30,VCB,84.4,82.8,83.6,83.0,1090610
2020-11-02,VCB,85.8,83.0,83.0,85.8,366300
2020-11-03,VCB,85.9,84.7,85.8,85.0,308550
2020-11-04,VCB,85.5,84.3,85.0,85.0,394660
2020-11-05,VCB,85.5,84.8,85.5,85.0,507960
2020-11-06,VCB,85.1,84.0,85.1,85.0,323160
2020-11-09,VCB,85.8,84.8,85.0,85.5,1007000
2020-11-10,VCB,87.3,85.1,86.1,85.1,1511520
2020-11-11,VCB,86.6,84.9,85.5,84.9,1032520
2020-11-12,VCB,86.5,85.6,85.7,86.4,405350
2020-11-13,VCB,86.9,86.2,86.6,86.9,417840
2020-11-16,VCB,87.8,85.0,87.2,85.8,1250340
2020-11-17,VCB,87.6,85.5,85.8,87.6,548250
2020-11-18,VCB,87.7,87.0,87.6,87.6,906810
2020-11-19,VCB,90.2,87.4,87.7,90.2,2584440
2020-11-20,VCB,92.5,90.1,91.0,92.5,1231960
2020-11-23,VCB,92.4,91.0,92.1,91.6,648830
2020-11-24,VCB,92.4,90.8,92.0,92.4,996580
2020-11-25,VCB,94.2,92.3,93.5,93.5,1088020
2020-11-26,VCB,94.0,92.6,93.5,94.0,698350
2020-11-27,VCB,94.5,93.2,94.0,94.5,1210580
2020-11-30,VCB,94.0,91.5,93.7,93.0,1448340
2020-12-01,VCB,93.2,90.7,90.7,92.0,1162270
2020-12-02,VCB,93.5,91.5,92.0,93.5,746710
2020-12-03,VCB,93.9,92.4,93.5,93.5,736760
2020-12-04,VCB,93.5,91.1,93.2,91.1,860900
2020-12-07,VCB,93.3,91.4,93.1,93.1,945460
2020-12-08,VCB,93.9,91.5,93.0,93.1,702820
2020-12-09,VCB,96.5,93.2,93.6,96.5,1198160
2020-12-10,VCB,97.7,96.4,96.5,97.2,1299820
2020-12-11,VCB,97.3,95.9,97.2,97.2,776190
2020-12-14,VCB,99.9,95.9,97.2,99.9,931080
2020-12-15,VCB,99.8,96.5,99.0,97.8,1433260
2020-12-16,VCB,99.9,97.8,98.5,99.9,740700
2020-12-17,VCB,98.6,95.0,98.6,96.0,2305960
2020-12-18,VCB,98.9,96.0,96.0,98.9,1053200
2020-12-21,VCB,99.0,97.3,98.9,98.9,697030
2020-12-22,VCB,98.1,97.5,98.0,97.9,748840
2020-12-23,VCB,98.5,96.9,97.5,97.5,666390
2020-12-24,VCB,97.9,96.0,97.9,97.3,815730
2020-12-25,VCB,97.6,96.7,97.0,97.6,314960
2020-12-28,VCB,98.2,97.3,98.0,98.0,836090
2020-12-29,VCB,99.8,97.8,98.0,99.2,696510
2020-12-30,VCB,99.6,97.5,97.9,97.9,509510
2020-12-31,VCB,99.0,97.0,97.9,97.9,367140
2021-01-01,VCB,99.0,97.0,97.9,97.9,367140
2021-01-04,VCB,99.8,97.3,98.0,99.0,855900
2021-01-05,VCB,100.6,99.0,99.0,99.3,739200
2021-01-06,VCB,106.2,99.3,99.5,105.0,2080400
2021-01-07,VCB,108.5,104.0,104.0,107.0,889000
2021-01-08,VCB,108.0,104.5,108.0,104.8,963900
2021-01-11,VCB,105.7,104.1,104.6,104.5,847400
2021-01-12,VCB,105.6,104.2,105.6,105.6,634900
2021-01-13,VCB,106.1,104.0,105.6,104.8,1064200
2021-01-14,VCB,105.2,103.3,105.0,103.9,832200
2021-01-15,VCB,104.9,102.5,104.8,103.2,1099800
2021-01-18,VCB,105.0,103.0,103.5,103.3,1060400
2021-01-19,VCB,103.3,96.1,103.1,99.0,1130300
2021-01-20,VCB,105.9,98.0,99.0,99.1,2093000
2021-01-21,VCB,103.0,98.0,99.1,103.0,1283700
2021-01-22,VCB,104.0,102.0,103.0,103.0,1268500
2021-01-25,VCB,103.0,101.1,101.1,102.5,725900
2021-01-26,VCB,102.5,99.0,102.5,100.9,970500
2021-01-27,VCB,100.0,93.9,99.1,97.4,1566800
2021-01-28,VCB,93.3,90.6,92.0,90.6,1205500
2021-01-29,VCB,96.9,85.5,85.5,93.0,1359000
2021-02-01,VCB,96.0,91.0,96.0,91.1,1309600
2021-02-02,VCB,96.7,92.0,92.0,96.5,1064500
2021-02-03,VCB,99.0,96.6,97.9,98.9,1454600
2021-02-04,VCB,99.0,93.9,98.9,98.9,967300
2021-02-05,VCB,100.0,97.9,98.9,100.0,897400
2021-02-08,VCB,99.8,93.1,94.1,94.1,2902200
2021-02-09,VCB,97.4,93.1,97.2,97.2,2978900
2021-02-10,VCB,97.4,93.1,97.2,97.2,2978900
2021-02-11,VCB,97.4,93.1,97.2,97.2,2978900
2021-02-12,VCB,97.4,93.1,97.2,97.2,2978900
2021-02-15,VCB,97.4,93.1,97.2,97.2,2978900
2021-02-16,VCB,97.4,93.1,97.2,97.2,2978900
2021-02-17,VCB,100.0,97.5,97.5,100.0,1054100
2021-02-18,VCB,102.0,98.0,99.0,102.0,1688900
2021-02-19,VCB,101.7,99.1,99.2,101.3,1851200
2021-02-22,VCB,102.0,100.3,100.5,100.6,1388700
2021-02-23,VCB,101.0,99.2,100.0,100.0,1441400
2021-02-24,VCB,101.0,96.5,100.5,98.1,1265300
2021-02-25,VCB,99.5,97.6,99.0,98.2,896100
2021-02-26,VCB,99.0,97.0,97.3,98.2,1070700
2021-03-01,VCB,99.3,98.2,98.2,99.2,911200
2021-03-02,VCB,101.8,98.0,100.0,99.3,1189600
2021-03-03,VCB,99.4,98.2,98.3,98.4,915600
2021-03-04,VCB,99.5,93.1,98.6,97.3,1118100
2021-03-05,VCB,97.2,95.0,97.1,96.4,1661600
2021-03-08,VCB,97.0,95.0,97.0,95.2,1501800
2021-03-09,VCB,95.0,93.1,95.0,95.0,1344300
2021-03-10,VCB,95.8,94.0,95.0,95.5,1063900
2021-03-11,VCB,96.8,95.8,95.8,96.3,1009800
2021-03-12,VCB,96.5,94.5,96.3,95.8,1259800
2021-03-15,VCB,97.0,95.5,96.0,96.3,1438400
2021-03-16,VCB,96.0,95.1,96.0,95.7,655800
2021-03-17,VCB,95.8,95.0,95.5,95.6,1239400
2021-03-18,VCB,97.5,95.5,96.2,97.5,1609100
2021-03-19,VCB,97.1,94.2,97.1,94.2,1595700
2021-03-22,VCB,97.5,95.4,96.0,97.0,1902000
2021-03-23,VCB,96.9,95.4,96.9,95.8,940800
2021-03-24,VCB,95.9,94.1,95.0,94.7,1422500
2021-03-25,VCB,96.0,94.5,94.7,95.1,1160300
2021-03-26,VCB,95.5,93.7,95.0,94.9,1196800
2021-03-29,VCB,95.8,93.5,95.2,95.3,1195800
2021-03-30,VCB,95.3,94.1,95.3,94.8,1748700
2021-03-31,VCB,95.1,94.1,94.5,94.8,944600
2021-04-01,VCB,97.7,95.2,95.2,96.9,2697600
2021-04-02,VCB,98.5,96.9,97.5,97.8,2277500
2021-04-05,VCB,102.8,98.6,100.0,102.0,3592400
2021-04-06,VCB,102.5,100.5,102.0,101.9,2243200
2021-04-07,VCB,102.0,100.4,101.0,101.9,1182700
2021-04-08,VCB,101.9,99.5,101.9,100.0,1575400
2021-04-09,VCB,99.5,97.5,99.5,97.5,2101700
2021-04-12,VCB,99.2,97.4,98.5,98.9,2670100
2021-04-13,VCB,100.0,97.5,100.0,97.5,1670900
2021-04-14,VCB,98.7,96.9,97.3,98.7,1336800
2021-04-15,VCB,99.8,96.8,99.8,97.5,2152800
2021-04-16,VCB,98.5,96.0,97.3,96.3,1515900
2021-04-19,VCB,98.5,95.8,97.0,98.5,1387500
2021-04-20,VCB,105.0,98.5,99.1,103.0,6274200
2021-04-21,VCB,105.0,98.5,99.1,103.0,6274200
2021-04-22,VCB,105.6,102.2,103.0,103.0,2981300
2021-04-23,VCB,104.0,100.5,103.0,104.0,2285300
2021-04-26,VCB,104.0,97.9,104.0,98.6,3595400
2021-04-27,VCB,99.6,97.7,98.6,99.0,1191800
2021-04-28,VCB,99.3,97.7,99.0,99.0,1426900
2021-04-29,VCB,100.0,98.0,99.0,100.0,1615700
2021-04-30,VCB,100.0,98.0,99.0,100.0,1615700
2021-05-03,VCB,100.0,98.0,99.0,100.0,1615700
2021-05-04,VCB,99.6,98.0,99.0,99.1,1496300
2021-05-05,VCB,102.0,99.1,99.1,101.2,1826700
2021-05-06,VCB,101.7,99.0,101.2,99.3,1161200
2021-05-07,VCB,99.0,96.7,98.9,97.0,2284800
2021-05-10,VCB,98.2,95.9,96.7,98.1,1674000
2021-05-11,VCB,99.3,97.5,98.2,97.9,1171500
2021-05-12,VCB,97.9,97.0,97.9,97.3,1218300
2021-05-13,VCB,97.8,96.8,97.2,96.8,1698000
2021-05-14,VCB,98.3,96.6,97.4,96.9,1403600
2021-05-17,VCB,97.3,95.8,97.1,96.0,1715100
2021-05-18,VCB,96.0,94.5,95.3,94.6,2103400
2021-05-19,VCB,94.6,93.8,94.6,94.1,1678100
2021-05-20,VCB,99.0,94.1,94.1,99.0,1904100
2021-05-21,VCB,98.0,96.0,96.3,96.8,1459200
2021-05-24,VCB,98.5,96.5,97.5,97.4,1814700
2021-05-25,VCB,100.0,97.4,97.4,99.8,3816000
2021-05-26,VCB,101.8,99.7,99.9,100.4,2356000
2021-05-27,VCB,100.4,98.0,100.4,98.7,1455000
2021-05-28,VCB,101.1,97.6,99.0,99.6,2196000
2021-05-31,VCB,101.0,98.3,101.0,98.6,2621000
2021-06-01,VCB,104.2,98.7,99.4,103.7,4533500
2021-06-02,VCB,107.5,103.7,104.0,106.0,4274100
2021-06-03,VCB,108.0,106.0,106.1,106.7,2802000
2021-06-04,VCB,106.5,104.1,106.5,104.9,2405800
2021-06-07,VCB,104.9,101.2,104.3,103.0,2969900
2021-06-08,VCB,104.0,100.0,103.0,100.0,2351600
2021-06-09,VCB,102.0,99.2,100.0,102.0,2393900
2021-06-10,VCB,102.9,100.0,102.0,101.8,2262500
2021-06-11,VCB,103.5,100.5,101.1,102.8,2048000
2021-06-14,VCB,103.4,101.3,102.1,102.0,1459700
2021-06-15,VCB,103.0,101.0,102.1,102.8,1420700
2021-06-16,VCB,106.0,102.5,102.5,104.0,2898400
2021-06-17,VCB,105.0,102.0,104.0,104.2,1557000
2021-06-18,VCB,109.0,104.3,104.5,108.5,3234900
2021-06-21,VCB,108.2,106.0,108.0,106.6,2107900
2021-06-22,VCB,108.5,106.5,107.1,107.6,1481900
2021-06-23,VCB,111.0,107.0,108.0,109.7,2248600
2021-06-24,VCB,110.8,107.8,110.0,110.7,1143400
2021-06-25,VCB,112.8,108.9,110.7,112.6,1688800
2021-06-28,VCB,113.0,111.1,112.6,112.6,1524500
2021-06-29,VCB,114.0,111.5,112.0,114.0,1853100
2021-06-30,VCB,117.2,114.0,114.0,116.4,2768000
2021-07-01,VCB,116.8,115.0,116.7,116.4,1836400
2021-07-02,VCB,116.6,114.0,116.4,114.9,1727200
2021-07-05,VCB,113.9,110.9,113.9,113.6,1937000
2021-07-06,VCB,115.0,112.0,112.5,112.0,1669600
2021-07-07,VCB,113.4,106.0,112.0,113.4,2679800
2021-07-08,VCB,113.0,109.0,111.2,111.0,1384100
2021-07-09,VCB,111.1,106.8,110.0,109.8,2936900
2021-07-12,VCB,109.5,103.1,109.5,107.1,2480600
2021-07-13,VCB,106.9,102.1,106.9,103.4,1865300
2021-07-14,VCB,103.5,100.0,103.4,101.8,2251700
2021-07-15,VCB,104.5,100.2,100.2,102.5,2319400
2021-07-16,VCB,103.4,101.0,102.5,102.5,1467300
2021-07-19,VCB,100.2,95.9,100.0,97.0,2542200
2021-07-20,VCB,101.0,93.5,97.8,100.2,2386000
2021-07-21,VCB,100.5,98.3,99.5,99.0,1463700
2021-07-22,VCB,100.7,98.0,98.9,100.3,1455800
2021-07-23,VCB,99.8,97.0,99.3,97.0,1700300
2021-07-26,VCB,97.5,95.7,96.5,96.0,1264200
2021-07-27,VCB,97.6,95.0,97.5,95.0,2654200
2021-07-28,VCB,97.0,95.1,95.1,97.0,1490800
2021-07-29,VCB,97.9,97.0,97.4,97.9,1191800
2021-07-30,VCB,98.8,97.2,97.3,98.0,1354600
2021-08-02,VCB,98.7,96.4,97.0,97.0,1285000
2021-08-03,VCB,98.8,97.0,97.1,98.8,1265700
2021-08-04,VCB,99.3,98.1,99.2,98.5,1160300
2021-08-05,VCB,99.5,97.9,98.0,99.4,1127700
2021-08-06,VCB,99.8,98.1,99.8,98.1,1114400
2021-08-09,VCB,98.9,97.7,98.1,98.3,1228900
2021-08-10,VCB,99.2,98.5,99.0,99.0,1556400
2021-08-11,VCB,101.7,99.1,99.3,100.5,1711800
2021-08-12,VCB,100.8,99.5,100.5,99.9,986600
2021-08-13,VCB,99.9,98.3,99.9,99.6,1328900
2021-08-16,VCB,100.6,99.0,99.6,100.6,1992400
2021-08-17,VCB,103.0,101.0,102.5,101.0,1688700
2021-08-18,VCB,102.5,99.7,101.0,101.0,1848000
2021-08-19,VCB,103.0,99.8,100.7,102.8,2576600
2021-08-20,VCB,101.9,99.4,101.2,100.1,1798500
2021-08-23,VCB,100.0,96.6,99.0,97.3,2136200
2021-08-24,VCB,99.2,96.5,99.2,97.0,1069100
2021-08-25,VCB,99.0,96.8,97.0,97.5,1069200
2021-08-26,VCB,99.0,96.8,97.8,96.8,1076900
2021-08-27,VCB,98.5,96.0,96.0,97.8,1106600
2021-08-30,VCB,99.4,97.8,98.4,99.3,1221700
2021-08-31,VCB,99.9,98.3,99.5,99.4,747500
2021-09-01,VCB,99.9,96.0,99.4,99.4,907500
2021-09-02,VCB,99.9,96.0,99.4,99.4,907500
2021-09-03,VCB,99.9,96.0,99.4,99.4,907500
2021-09-06,VCB,100.1,99.4,99.4,100.0,905000
2021-09-07,VCB,100.8,99.8,99.9,100.0,1041800
2021-09-08,VCB,100.1,96.8,100.0,99.7,863000
2021-09-09,VCB,100.1,98.6,99.7,99.3,817200
2021-09-10,VCB,99.8,98.6,99.8,99.2,857800
2021-09-13,VCB,99.0,98.1,98.8,98.1,1043100
2021-09-14,VCB,98.5,97.0,98.1,98.3,1230500
2021-09-15,VCB,98.3,97.1,98.3,97.1,798500
2021-09-16,VCB,98.9,97.5,98.9,98.1,570400
2021-09-17,VCB,98.4,97.2,97.5,97.2,1002200
2021-09-20,VCB,101.0,97.3,97.3,99.6,1277900
2021-09-21,VCB,99.8,98.0,99.5,98.0,862000
2021-09-22,VCB,99.5,98.0,98.4,99.5,362800
2021-09-23,VCB,100.4,98.5,99.6,99.5,676000
2021-09-24,VCB,99.8,99.3,99.5,99.5,454700
2021-09-27,VCB,99.7,98.0,99.5,98.0,465500
2021-09-28,VCB,99.3,97.5,97.8,99.2,484500
2021-09-29,VCB,99.5,97.5,99.5,98.5,565000
2021-09-30,VCB,98.6,97.1,98.5,97.2,1199900
2021-10-01,VCB,98.2,95.8,97.3,95.9,1611900
2021-10-04,VCB,96.5,94.4,96.0,94.6,913400
2021-10-05,VCB,96.1,95.1,95.1,95.6,973700
2021-10-06,VCB,95.6,94.8,95.6,95.6,691200
2021-10-07,VCB,96.8,95.0,95.6,96.8,797200
2021-10-08,VCB,97.0,95.6,96.6,97.0,697000
2021-10-11,VCB,98.4,96.8,97.0,97.5,1096000
2021-10-12,VCB,98.3,97.0,98.3,97.0,761100
2021-10-13,VCB,98.0,97.0,97.9,97.0,1426300
2021-10-14,VCB,97.2,95.9,97.0,96.7,1784700
2021-10-15,VCB,97.3,96.5,96.8,96.5,731500
2021-10-18,VCB,97.0,95.0,96.3,96.0,1247900
2021-10-19,VCB,96.5,95.2,96.1,96.4,836300
2021-10-20,VCB,96.7,94.0,96.4,95.0,1561000
2021-10-21,VCB,96.0,94.0,95.4,94.0,1226100
2021-10-22,VCB,95.0,94.0,95.0,94.3,240000
2021-10-25,VCB,95.9,94.1,95.9,94.1,800600
2021-10-26,VCB,94.6,93.6,94.1,94.0,632000
2021-10-27,VCB,96.5,94.3,94.6,96.1,1428600
2021-10-28,VCB,97.9,96.1,96.6,97.9,1772600
2021-10-29,VCB,98.4,96.9,97.3,98.0,1263800
2021-11-01,VCB,98.2,97.0,98.1,97.0,1057500
2021-11-02,VCB,98.0,97.3,97.4,97.9,808300
2021-11-03,VCB,98.8,97.3,97.7,98.7,1830000
2021-11-04,VCB,98.8,97.2,98.7,98.4,989400
2021-11-05,VCB,99.0,97.0,97.5,97.5,1126300
2021-11-08,VCB,98.4,97.5,98.1,98.2,1184200
2021-11-09,VCB,98.6,97.0,98.0,97.1,1377600
2021-11-10,VCB,98.2,96.8,97.1,97.6,857100
2021-11-11,VCB,99.3,97.0,97.8,98.3,1115600
2021-11-12,VCB,98.3,97.5,98.3,98.2,614800
2021-11-15,VCB,99.0,97.2,98.3,97.7,766700
2021-11-16,VCB,98.5,97.0,97.7,97.2,706300
2021-11-17,VCB,98.1,97.2,97.2,98.0,788300
2021-11-18,VCB,98.3,97.0,98.3,97.0,709700
2021-11-19,VCB,97.9,97.1,97.2,97.1,413000
2021-11-22,VCB,98.9,97.1,97.3,98.8,1017300
2021-11-23,VCB,99.1,98.2,99.0,99.1,549200
2021-11-24,VCB,105.6,99.2,99.2,104.8,1883300
2021-11-25,VCB,108.0,104.6,105.0,107.1,1473200
2021-11-26,VCB,108.2,104.0,106.7,105.0,879600
2021-11-29,VCB,104.9,101.0,103.3,101.1,851000
2021-11-30,VCB,104.0,98.9,104.0,98.9,1336500
2021-12-01,VCB,101.5,98.3,99.4,99.0,551500
2021-12-02,VCB,100.8,98.8,100.3,99.1,787700
2021-12-03,VCB,100.8,97.5,99.2,98.0,795900
2021-12-06,VCB,100.0,95.4,98.0,95.4,1008600
2021-12-07,VCB,99.4,96.1,96.1,98.2,820000
2021-12-08,VCB,99.4,98.0,98.0,98.7,507500
2021-12-09,VCB,99.4,97.3,97.4,99.2,805400
2021-12-10,VCB,102.8,99.9,101.0,100.0,1881200
2021-12-13,VCB,102.0,99.2,102.0,99.6,1038000
2021-12-14,VCB,100.5,99.1,99.6,99.3,862300
2021-12-15,VCB,100.7,99.0,99.5,99.9,732300
2021-12-16,VCB,100.8,98.1,100.8,99.1,1047100
2021-12-17,VCB,100.0,96.5,100.0,96.5,3475700
2021-12-20,VCB,99.5,98.1,98.5,99.5,736900
2021-12-21,VCB,99.8,98.5,99.0,98.9,774100
2021-12-22,VCB,77.8,76.6,77.0,76.9,1915300
2021-12-23,VCB,78.9,76.5,77.5,76.5,1489000
2021-12-24,VCB,78.5,76.8,76.8,78.5,849400
2021-12-27,VCB,80.3,77.9,78.9,79.8,934100
2021-12-28,VCB,81.0,78.0,80.0,80.0,1168800
2021-12-29,VCB,79.8,79.1,79.5,79.5,440000
2021-12-30,VCB,79.9,77.7,79.8,78.4,920300
2021-12-31,VCB,79.2,78.4,79.0,78.8,422000
2022-01-03,VCB,79.2,78.4,79.0,78.8,422000
2022-01-04,VCB,79.4,78.0,79.0,79.0,1133800
2022-01-05,VCB,80.4,78.0,79.0,78.0,1603100
2022-01-06,VCB,79.9,77.9,78.6,79.1,1215600
2022-01-07,VCB,79.9,78.2,79.6,79.8,966200
2022-01-10,VCB,79.9,78.5,79.7,79.5,1097000
2022-01-11,VCB,80.0,78.5,80.0,79.4,952700
2022-01-12,VCB,80.0,78.0,79.4,80.0,1801500
2022-01-13,VCB,84.4,80.2,80.5,81.9,2532800
2022-01-14,VCB,83.4,81.0,81.9,83.4,1522100
2022-01-17,VCB,88.0,82.3,83.0,86.2,2628500
2022-01-18,VCB,87.6,84.0,85.5,87.6,1696600
2022-01-19,VCB,87.5,85.0,87.5,85.4,659600
2022-01-20,VCB,86.0,83.1,85.2,84.4,1377000
2022-01-21,VCB,90.0,86.1,86.9,89.2,2502300
2022-01-24,VCB,93.5,88.2,89.4,93.0,2728300
2022-01-25,VCB,96.0,89.0,92.5,95.8,2396600
2022-01-26,VCB,95.8,92.6,95.8,94.5,2523500
2022-01-27,VCB,94.5,90.4,93.0,91.0,1732900
2022-01-28,VCB,92.0,89.0,91.0,89.0,2055700
2022-01-31,VCB,92.0,89.0,91.0,89.0,2055700
2022-02-01,VCB,92.0,89.0,91.0,89.0,2055700
2022-02-02,VCB,92.0,89.0,91.0,89.0,2055700
2022-02-03,VCB,92.0,89.0,91.0,89.0,2055700
2022-02-04,VCB,92.0,89.0,91.0,89.0,2055700
2022-02-07,VCB,92.9,89.5,90.6,92.4,1620800
2022-02-08,VCB,92.4,90.1,92.4,92.0,1146400
2022-02-09,VCB,91.9,90.3,91.2,90.8,1582900
2022-02-10,VCB,93.4,91.0,91.1,91.3,1827200
2022-02-11,VCB,91.6,90.0,91.3,90.0,1158400
2022-02-14,VCB,88.8,86.0,88.1,86.0,3629100
2022-02-15,VCB,88.3,83.8,86.0,87.0,2453500
2022-02-16,VCB,87.9,86.4,87.5,87.0,1286000
2022-02-17,VCB,87.7,86.8,87.0,87.5,1431200
2022-02-18,VCB,87.5,86.4,86.4,87.2,1066200
2022-02-21,VCB,87.6,86.6,86.6,87.4,1017900
2022-02-22,VCB,87.0,85.0,87.0,86.8,1540200
2022-02-23,VCB,87.0,85.8,87.0,86.9,986300
2022-02-24,VCB,86.8,85.0,86.7,85.3,2078700
2022-02-25,VCB,85.9,85.0,85.3,85.1,1616500
2022-02-28,VCB,85.1,84.4,85.1,84.5,1322100
2022-03-01,VCB,85.4,84.1,84.5,85.0,1295400
2022-03-02,VCB,85.6,84.2,85.6,85.0,1655600
2022-03-03,VCB,85.5,84.7,85.0,85.5,1052200
2022-03-04,VCB,85.5,84.8,85.2,84.9,1058100
2022-03-07,VCB,84.9,83.9,84.3,84.9,1002800
2022-03-08,VCB,84.5,81.5,83.8,81.5,2936300
2022-03-09,VCB,83.1,81.7,81.8,83.0,1325300
2022-03-10,VCB,83.7,82.9,83.0,83.5,1154100
2022-03-11,VCB,83.9,83.0,83.7,83.8,876100
2022-03-14,VCB,84.2,83.2,83.3,84.2,1438200
2022-03-15,VCB,84.1,81.0,84.0,81.1,2385900
2022-03-16,VCB,83.2,81.3,81.3,82.5,1000600
2022-03-17,VCB,83.5,82.7,83.0,83.0,1222400
2022-03-18,VCB,85.2,82.9,83.1,84.2,1406600
2022-03-21,VCB,85.5,84.0,84.2,84.9,933900
2022-03-22,VCB,85.5,84.9,84.9,84.9,775100
2022-03-23,VCB,85.6,84.9,84.9,84.9,966600
2022-03-24,VCB,84.9,83.5,84.9,83.5,570200
2022-03-25,VCB,84.0,82.0,84.0,82.5,1137800
2022-03-28,VCB,83.0,82.0,83.0,82.4,725400
2022-03-29,VCB,83.0,81.6,82.4,81.9,1018600
2022-03-30,VCB,83.5,81.5,81.8,82.0,913900
2022-03-31,VCB,82.6,82.0,82.0,82.1,492400
2022-04-01,VCB,83.6,81.1,82.1,82.8,900300
2022-04-04,VCB,84.1,82.6,83.2,82.6,712000
2022-04-05,VCB,83.2,82.6,82.8,83.0,526100
2022-04-06,VCB,85.0,81.7,82.9,84.6,2009600
2022-04-07,VCB,85.2,83.0,84.9,83.0,928000
2022-04-08,VCB,83.9,82.9,83.9,83.0,788200
2022-04-11,VCB,83.9,82.9,83.9,83.0,788200
2022-04-12,VCB,83.2,81.6,83.0,82.4,841300
2022-04-13,VCB,83.1,82.0,83.0,82.4,850700
2022-04-14,VCB,82.9,81.0,82.4,81.0,1151400
2022-04-15,VCB,81.5,80.2,81.2,80.2,894800
2022-04-18,VCB,80.2,77.6,80.0,77.7,1237300
2022-04-19,VCB,78.5,77.6,77.8,77.7,1003400
2022-04-20,VCB,78.9,77.7,78.0,78.4,904600
2022-04-21,VCB,79.2,78.2,78.4,78.4,2178200
2022-04-22,VCB,82.6,79.1,79.1,82.2,2776600
2022-04-25,VCB,83.0,77.0,82.2,81.8,2479400
2022-04-26,VCB,80.5,79.0,79.0,80.5,1912000
2022-04-27,VCB,82.0,78.2,79.9,81.5,1429800
2022-04-28,VCB,81.6,79.5,81.5,81.5,564100
2022-04-29,VCB,82.3,80.0,81.4,80.9,1259200
2022-05-02,VCB,82.3,80.0,81.4,80.9,1259200
2022-05-03,VCB,82.3,80.0,81.4,80.9,1259200
2022-05-04,VCB,81.0,79.0,80.9,79.9,892600
2022-05-05,VCB,81.5,79.6,80.5,81.0,1019300
2022-05-06,VCB,81.2,79.4,79.7,79.4,775900
2022-05-09,VCB,80.4,77.8,78.8,77.9,1674200
2022-05-10,VCB,80.0,77.1,77.1,80.0,926000
2022-05-11,VCB,80.3,79.0,80.0,80.0,931300
2022-05-12,VCB,79.9,77.0,79.0,77.0,972300
2022-05-13,VCB,78.0,73.0,77.0,73.0,1963600
2022-05-16,VCB,76.4,74.0,75.5,74.2,1558800
2022-05-17,VCB,77.0,73.1,74.2,76.0,2262300
2022-05-18,VCB,77.0,75.0,77.0,75.4,881000
2022-05-19,VCB,76.7,74.8,75.0,76.0,575800
2022-05-20,VCB,76.5,75.0,75.1,75.3,661800
2022-05-23,VCB,75.6,73.6,75.6,74.4,631600
2022-05-24,VCB,75.7,74.3,74.9,75.6,898700
2022-05-25,VCB,77.0,74.8,76.0,77.0,817000
2022-05-26,VCB,77.1,76.0,77.0,76.7,978900
2022-05-27,VCB,77.4,76.3,76.7,77.4,892000
2022-05-30,VCB,81.0,76.4,77.4,78.0,1327400
2022-05-31,VCB,78.9,78.0,78.9,78.9,483700
2022-06-01,VCB,80.5,79.0,79.0,80.5,798800
2022-06-02,VCB,80.8,79.0,80.8,79.0,641400
2022-06-03,VCB,79.5,76.4,78.4,77.5,527800
2022-06-06,VCB,80.0,75.1,77.5,79.7,880500
2022-06-07,VCB,82.0,78.1,79.0,81.0,933000
2022-06-08,VCB,81.0,78.8,81.0,79.2,1164700
2022-06-09,VCB,79.9,77.7,79.0,77.8,1067500
2022-06-10,VCB,79.0,77.4,77.8,77.7,390900
2022-06-13,VCB,77.0,74.1,77.0,76.4,1105800
2022-06-14,VCB,78.1,74.0,75.5,77.0,1066200
2022-06-15,VCB,78.3,75.3,77.4,76.5,1243600
2022-06-16,VCB,80.0,76.5,76.7,79.1,1209600
2022-06-17,VCB,78.3,76.1,77.0,76.1,1050600
2022-06-20,VCB,79.5,75.3,79.5,76.0,1089700
2022-06-21,VCB,77.7,75.2,76.0,77.7,937100
2022-06-22,VCB,78.0,75.0,77.9,76.0,1069200
2022-06-23,VCB,76.7,74.9,75.1,75.9,590200
2022-06-24,VCB,76.3,74.6,76.2,75.0,648600
2022-06-27,VCB,76.0,74.8,75.5,74.9,862500
2022-06-28,VCB,77.0,74.8,75.0,76.3,1095800
2022-06-29,VCB,75.9,75.3,75.8,75.5,847500
2022-06-30,VCB,76.0,74.8,75.5,74.8,678400
2022-07-01,VCB,75.0,72.9,74.5,74.0,1383000
2022-07-04,VCB,75.2,73.9,74.9,74.1,746200
2022-07-05,VCB,74.9,73.6,74.9,74.0,1064500
2022-07-06,VCB,73.9,68.9,73.7,72.8,1548200
2022-07-07,VCB,75.5,71.7,72.7,75.5,1258400
2022-07-08,VCB,75.0,73.9,74.9,74.0,761000
2022-07-11,VCB,73.5,72.0,73.3,72.0,660800
2022-07-12,VCB,72.6,71.7,72.1,71.9,811500
2022-07-13,VCB,73.4,71.4,71.8,71.8,1379900
2022-07-14,VCB,72.8,71.6,71.8,72.4,329400
2022-07-15,VCB,73.5,72.1,72.1,72.3,597500
2022-07-18,VCB,72.9,72.0,72.5,72.0,391400
2022-07-19,VCB,72.1,71.1,72.0,71.3,812100
2022-07-20,VCB,72.5,71.6,71.6,72.5,544900
2022-07-21,VCB,72.9,72.1,72.5,72.5,1164600
2022-07-22,VCB,72.7,72.0,72.1,72.5,1009600
2022-07-25,VCB,73.2,72.0,72.4,72.9,962700
2022-07-26,VCB,74.4,73.2,73.2,73.9,1119800
2022-07-27,VCB,75.0,73.7,74.0,75.0,1259900
2022-07-28,VCB,75.6,74.8,75.4,75.3,1164800
2022-07-29,VCB,75.5,74.7,75.4,74.7,1176000
2022-08-01,VCB,77.0,74.4,74.7,77.0,1577300
2022-08-02,VCB,79.2,76.0,77.0,78.9,1777800
2022-08-03,VCB,79.5,78.0,78.3,79.5,1005700
2022-08-04,VCB,82.5,79.4,79.5,82.5,2261100
2022-08-05,VCB,82.4,81.1,82.0,82.0,1395800
2022-08-08,VCB,82.5,81.9,82.0,82.0,915000
2022-08-09,VCB,82.0,79.9,82.0,80.8,1217900
2022-08-10,VCB,81.0,80.1,80.1,80.5,507500
2022-08-11,VCB,82.0,80.6,81.3,81.5,1171500
2022-08-12,VCB,81.9,80.9,81.5,81.6,1251800
2022-08-15,VCB,82.3,81.7,82.0,81.8,1259500
2022-08-16,VCB,82.0,81.1,82.0,81.5,687100
2022-08-17,VCB,81.7,81.2,81.2,81.5,764000
2022-08-18,VCB,82.0,81.2,81.3,81.5,1568600
2022-08-19,VCB,82.0,80.6,80.6,80.9,1148000
2022-08-22,VCB,81.5,80.0,80.1,80.0,525800
2022-08-23,VCB,81.3,79.9,80.0,80.2,648000
2022-08-24,VCB,82.9,80.3,81.2,82.0,1083700
2022-08-25,VCB,82.2,81.3,82.2,82.0,538800
2022-08-26,VCB,83.7,82.0,82.0,82.5,1559500
2022-08-29,VCB,82.5,80.9,81.4,82.5,951500
2022-08-30,VCB,86.0,82.5,82.5,86.0,2502800
2022-08-31,VCB,86.5,84.0,86.0,84.0,1055900
2022-09-01,VCB,86.5,84.0,86.0,84.0,1055900
2022-09-02,VCB,86.5,84.0,86.0,84.0,1055900
2022-09-05,VCB,84.3,82.5,84.0,82.6,1547800
2022-09-06,VCB,84.0,82.1,82.6,82.7,1027300
2022-09-07,VCB,82.5,79.8,82.0,80.0,2293300
2022-09-08,VCB,80.9,78.0,80.9,78.0,1074300
2022-09-09,VCB,79.3,78.2,78.5,78.8,1029200
2022-09-12,VCB,79.7,78.8,79.6,79.1,700800
2022-09-13,VCB,79.4,78.6,79.4,78.6,1187900
2022-09-14,VCB,79.5,77.0,77.2,78.3,1085800
2022-09-15,VCB,79.3,78.1,78.5,79.2,611900
2022-09-16,VCB,80.0,78.5,79.3,80.0,1519200
2022-09-19,VCB,80.2,78.0,79.0,78.8,938500
2022-09-20,VCB,80.0,78.6,78.8,79.2,521200
2022-09-21,VCB,79.6,77.9,79.3,78.9,499200
2022-09-22,VCB,78.6,77.5,77.7,78.0,1183000
2022-09-23,VCB,77.7,75.8,77.2,75.9,1034100
2022-09-26,VCB,77.0,74.1,75.1,75.0,1255900
2022-09-27,VCB,76.0,74.2,76.0,74.3,653400
2022-09-28,VCB,75.0,73.8,74.0,75.0,587700
2022-09-29,VCB,76.0,74.0,76.0,74.0,587800
2022-09-30,VCB,74.3,72.4,73.2,73.2,1262400
2022-10-03,VCB,73.8,70.3,73.5,70.6,894900
2022-10-04,VCB,71.9,69.5,70.0,71.3,1280900
2022-10-05,VCB,72.0,71.1,71.4,71.5,835000
2022-10-06,VCB,72.0,69.9,72.0,70.1,751500
2022-10-07,VCB,69.6,65.3,69.6,66.7,2113700
2022-10-10,VCB,67.7,64.1,66.5,65.1,1317000
2022-10-11,VCB,66.0,62.0,65.3,62.0,1161700
2022-10-12,VCB,65.3,62.2,63.0,64.0,1517400
2022-10-13,VCB,66.5,62.7,64.1,66.5,1596800
2022-10-14,VCB,68.5,67.3,68.5,68.1,1599300
2022-10-17,VCB,68.0,65.5,67.3,66.3,1241400
2022-10-18,VCB,68.0,67.3,68.0,67.7,885000
2022-10-19,VCB,68.0,67.3,67.9,67.9,627400
2022-10-20,VCB,70.0,67.1,67.9,69.2,1517200
2022-10-21,VCB,70.7,68.0,69.2,68.0,1283700
2022-10-24,VCB,69.5,65.8,69.5,68.0,670100
2022-10-25,VCB,70.6,66.0,66.0,69.9,1535500
2022-10-26,VCB,70.6,68.5,70.6,70.0,591400
2022-10-27,VCB,72.9,69.3,70.5,71.7,1297800
2022-10-28,VCB,74.5,71.6,72.5,71.6,1561000
2022-10-31,VCB,73.5,72.5,73.5,73.5,659400
2022-11-01,VCB,75.0,73.3,74.0,75.0,826100
2022-11-02,VCB,74.5,72.0,74.0,73.6,1255100
2022-11-03,VCB,73.4,72.0,72.0,73.0,726600
2022-11-04,VCB,72.5,68.9,71.5,71.8,1538000
2022-11-07,VCB,73.0,71.1,71.8,71.8,1232000
2022-11-08,VCB,75.0,71.6,72.0,72.6,1659900
2022-11-09,VCB,74.2,72.6,73.5,74.0,1214800
2022-11-10,VCB,73.9,71.6,73.9,72.8,958500
2022-11-11,VCB,75.5,73.0,73.0,75.5,1314200
2022-11-14,VCB,76.5,74.1,75.5,75.1,1536500
2022-11-15,VCB,76.4,72.1,74.4,75.0,1581800
2022-11-16,VCB,78.0,70.3,70.3,75.1,2349800
2022-11-17,VCB,76.6,75.5,76.1,76.5,1645700
2022-11-18,VCB,76.9,73.6,75.9,76.5,1564800
2022-11-21,VCB,76.5,75.0,76.5,75.0,1106900
2022-11-22,VCB,76.0,72.5,74.5,73.5,1936000
2022-11-23,VCB,73.5,72.4,73.0,73.5,794200
2022-11-24,VCB,74.0,72.5,73.5,73.0,1082000
2022-11-25,VCB,73.6,72.8,73.1,73.1,1675100
2022-11-28,VCB,77.0,73.8,74.5,76.7,1341900
2022-11-29,VCB,79.8,76.0,76.0,79.8,1707400
2022-11-30,VCB,81.0,77.0,80.3,81.0,1322600
2022-12-01,VCB,81.4,79.2,80.9,80.0,1178900
2022-12-02,VCB,85.0,79.3,79.9,85.0,1241300
2022-12-05,VCB,87.0,82.5,84.1,85.0,1664000
2022-12-06,VCB,85.2,80.0,85.0,80.0,1308000
2022-12-07,VCB,82.0,78.0,80.0,78.5,1455800
2022-12-08,VCB,81.0,77.0,79.0,77.0,2109700
2022-12-09,VCB,79.2,77.1,78.4,77.3,1684100
2022-12-12,VCB,80.5,77.4,78.8,77.4,2105700
2022-12-13,VCB,79.3,77.9,78.1,78.2,2232500
2022-12-14,VCB,79.7,78.5,79.7,78.8,1083500
2022-12-15,VCB,80.7,78.6,78.8,79.5,1250400
2022-12-16,VCB,82.9,78.9,79.5,79.7,3158100
2022-12-19,VCB,81.0,79.0,80.0,79.2,757500
2022-12-20,VCB,82.0,79.0,79.7,79.0,1424400
2022-12-21,VCB,81.4,78.7,81.4,78.7,962000
2022-12-22,VCB,81.1,79.3,79.5,79.3,1073500
2022-12-23,VCB,81.2,79.1,80.2,79.1,1079200
2022-12-26,VCB,80.8,78.9,79.2,78.9,1203600
2022-12-27,VCB,80.5,78.9,80.2,79.1,1058000
2022-12-28,VCB,82.0,79.5,80.4,80.0,1173500
2022-12-29,VCB,82.5,80.5,82.3,80.7,1237400
2022-12-30,VCB,83.1,80.0,82.9,80.0,1510900
2023-01-02,VCB,83.1,80.0,82.9,80.0,1510900
2023-01-03,VCB,82.6,80.2,80.2,82.6,1089800
2023-01-04,VCB,82.9,81.8,82.9,82.8,837900
2023-01-05,VCB,84.0,82.5,82.8,84.0,1078600
2023-01-06,VCB,84.8,83.9,84.0,84.0,1125500
2023-01-09,VCB,86.9,84.8,85.8,86.9,1667100
2023-01-10,VCB,89.9,86.2,86.2,87.3,2112500
2023-01-11,VCB,87.3,85.1,87.3,85.1,983000
2023-01-12,VCB,85.2,83.8,85.2,84.8,1879000
2023-01-13,VCB,86.5,85.2,85.2,85.8,822000
2023-01-16,VCB,88.5,86.0,86.0,87.3,735200
2023-01-17,VCB,89.4,87.3,88.5,89.4,644600
2023-01-18,VCB,91.0,89.4,90.0,90.0,834000
2023-01-19,VCB,96.0,87.5,89.5,93.0,1716800
2023-01-20,VCB,96.0,87.5,89.5,93.0,1716800
2023-01-23,VCB,96.0,87.5,89.5,93.0,1716800
2023-01-24,VCB,96.0,87.5,89.5,93.0,1716800
2023-01-25,VCB,96.0,87.5,89.5,93.0,1716800
2023-01-26,VCB,96.0,87.5,89.5,93.0,1716800
2023-01-27,VCB,94.6,91.5,93.0,93.0,1552000
2023-01-30,VCB,92.5,89.8,92.1,89.9,1045000
2023-01-31,VCB,91.9,87.8,89.9,91.9,1447700
2023-02-01,VCB,92.5,89.1,92.0,89.1,1136400
2023-02-02,VCB,92.0,88.6,88.6,90.6,984600
2023-02-03,VCB,93.0,89.1,90.3,93.0,893400
2023-02-06,VCB,96.3,91.5,92.6,96.0,1151200
2023-02-07,VCB,95.5,92.0,95.3,92.0,1195400
2023-02-08,VCB,96.2,92.1,92.1,94.2,884800
2023-02-09,VCB,95.0,93.0,93.8,93.0,759400
2023-02-10,VCB,94.5,92.8,94.5,94.5,647700
2023-02-13,VCB,95.4,92.0,94.8,93.5,872700
2023-02-14,VCB,93.5,91.2,93.5,92.5,1143100
2023-02-15,VCB,94.2,91.2,92.5,93.0,899300
2023-02-16,VCB,94.0,92.2,93.0,92.4,776600
2023-02-17,VCB,93.3,92.0,93.0,93.0,918900
2023-02-20,VCB,94.5,93.0,93.0,93.8,1095000
2023-02-21,VCB,94.9,94.0,94.2,94.2,675500
2023-02-22,VCB,94.3,92.5,94.2,93.0,1025500
2023-02-23,VCB,94.0,91.2,93.0,93.3,1025700
2023-02-24,VCB,94.0,90.0,93.0,93.5,631400
2023-02-27,VCB,93.5,91.7,93.0,92.8,501000
2023-02-28,VCB,93.7,92.6,93.1,93.5,565800
2023-03-01,VCB,93.4,92.2,92.3,93.0,729700
2023-03-02,VCB,93.8,91.8,93.0,93.2,984700
2023-03-03,VCB,92.8,90.9,91.8,90.9,798600
2023-03-06,VCB,92.2,91.0,91.0,91.0,711900
2023-03-07,VCB,92.5,91.1,91.5,91.9,970300
2023-03-08,VCB,92.2,90.7,91.0,92.2,871900
2023-03-09,VCB,93.4,91.7,92.0,93.0,1098100
2023-03-10,VCB,92.5,91.5,92.2,92.1,707800
2023-03-13,VCB,92.0,90.8,92.0,91.5,759200
2023-03-14,VCB,91.2,90.5,91.0,91.0,863700
2023-03-15,VCB,92.0,91.1,91.6,91.4,807800
2023-03-16,VCB,92.0,89.5,91.0,91.0,806000
2023-03-17,VCB,91.1,89.0,91.0,89.0,2272200
2023-03-20,VCB,89.5,85.1,89.0,85.1,1034000
2023-03-21,VCB,89.9,85.4,85.4,86.5,1057400
2023-03-22,VCB,89.9,86.6,86.6,89.0,1055800
2023-03-23,VCB,90.7,87.3,88.8,90.7,849500
2023-03-24,VCB,91.0,88.9,91.0,89.0,630000
2023-03-27,VCB,91.0,88.0,89.0,91.0,730100
2023-03-28,VCB,92.9,90.1,90.8,91.8,845800
2023-03-29,VCB,92.5,90.5,92.5,92.3,422800
2023-03-30,VCB,93.2,92.0,92.3,92.7,409700
2023-03-31,VCB,93.2,90.5,92.8,91.4,950600
2023-04-03,VCB,92.9,91.2,91.7,92.8,736700
2023-04-04,VCB,92.9,91.6,92.8,92.0,269900
2023-04-05,VCB,92.3,91.1,92.3,92.1,336000
2023-04-06,VCB,92.1,91.2,91.5,91.2,376300
2023-04-07,VCB,91.1,89.5,91.0,90.0,747200
2023-04-10,VCB,90.0,89.0,90.0,89.0,639300
2023-04-11,VCB,90.0,88.2,89.0,88.2,751600
2023-04-12,VCB,88.6,88.0,88.3,88.3,518400
2023-04-13,VCB,88.5,87.8,88.3,88.2,491000
2023-04-14,VCB,89.1,88.2,88.3,88.4,414800
2023-04-17,VCB,88.5,87.8,88.4,88.4,488900
2023-04-18,VCB,88.6,87.5,88.3,88.0,695100
2023-04-19,VCB,88.7,88.0,88.1,88.5,416900
2023-04-20,VCB,88.8,88.0,88.8,88.3,257800
2023-04-21,VCB,88.1,87.4,88.0,87.5,356500
2023-04-24,VCB,88.5,87.0,88.0,87.9,505800
2023-04-25,VCB,88.5,87.5,88.2,88.3,545800
2023-04-26,VCB,89.5,87.9,88.0,89.4,710200
2023-04-27,VCB,90.5,88.4,88.7,90.0,580400
2023-04-28,VCB,90.5,88.8,90.0,90.5,704700
2023-05-01,VCB,90.5,88.8,90.0,90.5,704700
2023-05-02,VCB,90.5,88.8,90.0,90.5,704700
2023-05-03,VCB,90.5,88.8,90.0,90.5,704700
2023-05-04,VCB,90.0,88.5,90.0,88.5,496000
2023-05-05,VCB,89.9,88.2,88.5,89.8,225700
2023-05-08,VCB,93.2,89.8,90.0,93.0,1500200
2023-05-09,VCB,93.9,92.3,93.0,92.3,563400
2023-05-10,VCB,93.0,91.6,91.9,92.0,417400
2023-05-11,VCB,92.1,91.0,92.0,91.0,505600
2023-05-12,VCB,92.8,90.8,91.0,92.8,710500
2023-05-15,VCB,93.0,91.2,92.0,91.7,450500
2023-05-16,VCB,93.1,91.3,92.0,92.6,666100
2023-05-17,VCB,93.0,92.3,92.5,92.8,572700
2023-05-18,VCB,96.0,92.2,92.9,95.0,1678500
2023-05-19,VCB,94.9,92.6,94.5,94.2,439900
2023-05-22,VCB,93.9,92.2,93.0,93.1,622300
2023-05-23,VCB,93.6,92.1,93.0,92.8,568800
2023-05-24,VCB,92.8,91.9,92.8,92.6,342200
2023-05-25,VCB,94.0,91.4,92.6,93.2,606600
2023-05-26,VCB,93.5,92.0,93.2,92.0,283700
2023-05-29,VCB,95.0,92.0,92.0,93.1,590500
2023-05-30,VCB,94.8,92.4,93.1,94.5,564500
2023-05-31,VCB,94.1,93.1,93.9,94.0,380100
2023-06-01,VCB,94.6,93.2,94.6,93.9,646300
2023-06-02,VCB,95.0,93.3,93.9,94.9,737800
2023-06-05,VCB,98.7,95.2,95.2,98.0,1297800
2023-06-06,VCB,99.0,96.5,98.0,99.0,759500
2023-06-07,VCB,99.0,97.0,99.0,97.0,749600
2023-06-08,VCB,101.7,97.0,97.0,100.0,1339400
2023-06-09,VCB,102.0,99.0,100.0,100.5,820200
2023-06-12,VCB,101.5,98.1,99.9,101.0,435100
2023-06-13,VCB,103.0,99.7,100.0,102.5,838900
2023-06-14,VCB,104.0,101.5,102.4,102.6,840500
2023-06-15,VCB,103.7,101.6,102.5,103.5,912200
2023-06-16,VCB,106.4,103.2,104.2,105.0,1331800
2023-06-19,VCB,104.1,101.7,103.6,101.7,1139900
2023-06-20,VCB,101.1,99.8,101.1,99.9,1781600
2023-06-21,VCB,100.5,99.7,99.7,100.0,1187900
2023-06-22,VCB,102.0,99.9,102.0,100.4,716500
2023-06-23,VCB,100.4,99.5,100.4,99.9,705200
2023-06-26,VCB,100.9,99.1,99.1,100.0,807200
2023-06-27,VCB,101.0,99.7,100.0,100.0,685900
2023-06-28,VCB,102.2,99.8,100.0,101.1,821200
2023-06-29,VCB,103.0,101.1,101.8,101.9,640600
2023-06-30,VCB,101.8,100.0,101.1,100.0,556600
2023-07-03,VCB,100.8,99.8,100.0,100.0,490100
2023-07-04,VCB,101.9,99.9,100.7,100.0,682700
2023-07-05,VCB,102.5,100.3,101.0,102.0,953900
2023-07-06,VCB,102.2,100.5,102.1,100.7,1021000
2023-07-07,VCB,105.0,100.4,100.5,105.0,1064800
2023-07-10,VCB,104.9,102.3,104.9,102.7,915100
2023-07-11,VCB,105.0,101.8,101.8,103.0,887600
2023-07-12,VCB,104.5,102.7,102.7,104.0,742800
2023-07-13,VCB,105.0,103.7,105.0,104.9,928300
2023-07-14,VCB,105.0,104.0,104.9,105.0,797700
2023-07-17,VCB,105.0,104.2,105.0,104.8,791600
2023-07-18,VCB,105.0,104.3,104.9,104.3,590000
2023-07-19,VCB,107.1,104.6,104.6,106.5,926200
2023-07-20,VCB,106.4,103.6,105.5,105.0,771600
2023-07-21,VCB,105.0,104.0,105.0,105.0,663400
2023-07-24,VCB,105.4,104.5,105.1,104.6,808500
2023-07-25,VCB,92.5,90.3,90.4,91.7,2374800
2023-07-26,VCB,93.4,91.9,91.9,93.4,1146400
2023-07-27,VCB,93.7,92.5,93.7,92.7,957200
2023-07-28,VCB,93.0,91.8,92.7,93.0,1116900
2023-07-31,VCB,93.2,91.6,93.0,91.6,1468300
2023-08-01,VCB,92.8,91.2,91.6,91.2,1281600
2023-08-02,VCB,91.5,91.0,91.2,91.5,1055800
2023-08-03,VCB,91.5,90.5,91.5,90.6,837900
2023-08-04,VCB,91.1,90.1,90.7,90.1,1231600
2023-08-07,VCB,90.8,90.0,90.1,90.8,1111700
2023-08-08,VCB,91.2,90.1,90.8,90.7,823400
2023-08-09,VCB,90.9,90.1,90.7,90.2,591600
2023-08-10,VCB,90.5,88.5,90.5,88.5,1336100
2023-08-11,VCB,90.4,88.5,88.5,90.4,920800
2023-08-14,VCB,90.3,89.0,90.3,89.0,1471800
2023-08-15,VCB,90.0,88.5,90.0,88.9,1148500
2023-08-16,VCB,89.4,88.7,88.8,89.2,727300
2023-08-17,VCB,89.8,88.6,89.2,89.4,2145100
2023-08-18,VCB,90.3,89.0,89.8,89.5,2430400
2023-08-21,VCB,90.2,89.2,89.7,89.8,1710900
2023-08-22,VCB,89.7,87.8,89.5,88.4,1825000
2023-08-23,VCB,88.9,86.1,88.9,86.3,1754800
2023-08-24,VCB,88.2,86.0,86.3,87.0,902800
2023-08-25,VCB,87.0,86.0,86.2,86.2,1404600
2023-08-28,VCB,87.5,86.2,86.4,87.0,1378300
2023-08-29,VCB,88.5,86.9,87.0,88.4,1391900
2023-08-30,VCB,89.5,88.5,88.5,89.1,1350000
2023-08-31,VCB,89.6,88.3,89.1,89.1,1531200
2023-09-01,VCB,89.6,88.3,89.1,89.1,1531200
2023-09-04,VCB,89.6,88.3,89.1,89.1,1531200
2023-09-05,VCB,90.7,89.1,89.1,90.1,1942200
2023-09-06,VCB,90.2,89.7,90.2,90.2,2017600
2023-09-07,VCB,90.8,89.5,90.0,89.5,1765300
2023-09-08,VCB,89.5,89.1,89.5,89.5,1341900
2023-09-11,VCB,90.0,88.0,89.6,88.5,1649500
2023-09-12,VCB,90.0,88.9,89.0,89.9,1572100
2023-09-13,VCB,90.0,88.9,90.0,89.1,1582000
2023-09-14,VCB,89.5,88.1,89.0,89.1,1512600
2023-09-15,VCB,89.8,88.6,88.9,89.8,2142400
2023-09-18,VCB,89.7,88.3,89.5,88.8,718100
2023-09-19,VCB,89.2,86.0,88.8,88.1,1117200
2023-09-20,VCB,88.4,86.4,88.1,88.0,786000
2023-09-21,VCB,88.0,86.8,88.0,87.0,1066900
2023-09-22,VCB,89.5,86.0,86.4,89.3,2408600
2023-09-25,VCB,89.5,88.3,89.0,89.3,2210400
2023-09-26,VCB,89.4,86.9,89.2,87.0,1663200
2023-09-27,VCB,89.0,87.0,87.6,87.8,1204900
2023-09-28,VCB,88.3,86.6,87.2,88.0,1065100
2023-09-29,VCB,88.3,87.1,88.3,87.5,449300
2023-10-02,VCB,87.2,86.5,87.1,86.5,765700
2023-10-03,VCB,86.7,85.8,86.5,86.3,882600
2023-10-04,VCB,86.3,85.3,86.3,86.3,923800
2023-10-05,VCB,86.0,84.5,86.0,84.5,890000
2023-10-06,VCB,85.4,83.5,84.5,85.4,800900
2023-10-09,VCB,85.4,84.0,85.4,84.6,1096100
2023-10-10,VCB,86.2,84.6,84.6,86.1,734100
2023-10-11,VCB,86.5,85.7,86.2,86.5,719400
2023-10-12,VCB,86.9,85.5,86.9,86.0,714100
2023-10-13,VCB,86.6,85.5,86.0,86.6,663100
2023-10-16,VCB,86.6,85.6,85.6,86.1,332300
2023-10-17,VCB,86.5,85.5,86.1,85.9,363400
2023-10-18,VCB,86.0,85.0,85.5,85.9,1147400
2023-10-19,VCB,86.0,84.1,85.5,84.5,1363600
2023-10-20,VCB,85.3,82.7,83.5,84.8,938400
2023-10-23,VCB,84.5,82.5,84.5,84.5,966600
2023-10-24,VCB,86.5,83.9,84.5,86.0,994000
2023-10-25,VCB,85.8,84.6,85.1,85.8,660100
2023-10-26,VCB,86.0,83.5,85.0,84.5,1420300
2023-10-27,VCB,85.0,83.8,84.6,85.0,773400
2023-10-30,VCB,86.0,83.5,83.5,85.9,592900
2023-10-31,VCB,86.9,84.9,85.9,86.8,1345300
2023-11-01,VCB,87.8,86.1,86.8,87.8,1479100
2023-11-02,VCB,89.0,86.6,88.0,89.0,1057500
2023-11-03,VCB,89.4,88.1,89.0,88.9,1086600
2023-11-06,VCB,89.8,88.5,88.9,89.5,774800
2023-11-07,VCB,89.3,88.3,89.0,88.3,413900
2023-11-08,VCB,89.7,87.9,88.0,89.5,1270300
2023-11-09,VCB,89.5,87.9,89.5,87.9,1166800
2023-11-10,VCB,87.5,86.0,87.1,86.0,1352000
2023-11-13,VCB,86.1,85.4,86.0,85.5,937700
2023-11-14,VCB,86.5,85.4,86.0,86.0,987500
2023-11-15,VCB,87.7,86.5,86.5,87.7,4067800
2023-11-16,VCB,88.0,86.7,87.0,88.0,1284800
2023-11-17,VCB,87.9,85.5,87.8,85.6,1588000
2023-11-20,VCB,87.0,85.0,85.6,86.1,1098400
2023-11-21,VCB,86.7,85.8,86.1,86.6,1151400
2023-11-22,VCB,86.7,85.5,86.3,86.7,1012700
2023-11-23,VCB,86.8,85.5,86.7,85.5,647200
2023-11-24,VCB,86.0,85.0,85.5,86.0,734500
2023-11-27,VCB,86.0,85.1,86.0,85.8,443000
2023-11-28,VCB,85.9,84.8,85.5,85.8,779400
2023-11-29,VCB,85.9,85.1,85.4,85.1,733100
2023-11-30,VCB,85.4,84.7,85.1,84.7,927600
2023-12-01,VCB,85.0,84.1,84.9,85.0,714700
2023-12-04,VCB,86.2,84.8,85.4,86.0,888100
2023-12-05,VCB,86.1,84.8,86.0,85.4,992800
2023-12-06,VCB,86.0,85.0,85.3,85.9,638000
2023-12-07,VCB,86.0,85.0,85.7,85.2,992300
2023-12-08,VCB,85.5,85.0,85.2,85.0,1183000
2023-12-11,VCB,85.3,84.1,85.0,84.2,1400000
2023-12-12,VCB,84.7,84.0,84.7,84.2,1006400
2023-12-13,VCB,84.5,83.7,84.2,83.7,1152900
2023-12-14,VCB,84.5,84.0,84.0,84.4,840600
2023-12-15,VCB,84.4,82.2,84.0,82.2,2530300
2023-12-18,VCB,82.9,81.5,82.8,81.5,1804000
2023-12-19,VCB,81.5,80.1,81.5,81.2,1961300
2023-12-20,VCB,81.3,80.5,81.2,81.1,1872300
2023-12-21,VCB,81.0,80.3,81.0,80.9,2030300
2023-12-22,VCB,81.1,80.4,80.9,80.9,1579800
2023-12-25,VCB,81.8,80.7,80.9,81.8,1301600
2023-12-26,VCB,82.8,82.0,82.0,82.8,971200
2023-12-27,VCB,83.2,82.5,82.9,82.7,899600
2023-12-28,VCB,83.1,82.4,82.7,82.8,703200
2023-12-29,VCB,83.9,80.3,83.5,80.3,1621700
2024-01-01,VCB,83.9,80.3,83.5,80.3,1621700
2024-01-02,VCB,83.6,82.2,82.9,83.5,1785800
2024-01-03,VCB,84.5,82.8,83.5,84.5,1373000
2024-01-04,VCB,86.2,84.0,84.5,85.9,2657900
2024-01-05,VCB,86.2,85.7,85.9,86.2,1180300
2024-01-08,VCB,86.8,86.3,86.3,86.8,1607800
2024-01-09,VCB,87.9,86.8,86.8,87.8,1926400
2024-01-10,VCB,89.5,87.2,87.8,89.5,1795400
2024-01-11,VCB,90.0,88.6,89.5,89.3,1489100
2024-01-12,VCB,89.5,87.4,88.1,88.7,1909500
2024-01-15,VCB,90.1,88.9,89.0,90.0,1914200
2024-01-16,VCB,90.1,88.9,89.0,90.0,1367200
2024-01-17,VCB,91.0,89.0,89.0,90.9,1578200
2024-01-18,VCB,91.2,90.0,90.9,91.1,1422900
2024-01-19,VCB,93.0,90.4,91.0,92.6,1472600
2024-01-22,VCB,93.5,92.0,93.5,92.0,1046300
2024-01-23,VCB,92.4,90.4,92.1,91.5,1256900
2024-01-24,VCB,92.0,90.9,91.6,91.1,744700
2024-01-25,VCB,91.6,90.7,91.1,91.0,503300
2024-01-26,VCB,92.0,91.4,91.6,92.0,953100
2024-01-29,VCB,92.0,90.9,91.8,91.2,730500
2024-01-30,VCB,91.2,90.1,91.2,91.0,888600
2024-01-31,VCB,90.6,88.5,90.6,88.5,945600
2024-02-01,VCB,90.2,88.0,88.0,89.8,598100
2024-02-02,VCB,90.5,89.1,89.1,90.3,733000
2024-02-05,VCB,90.6,89.4,90.2,90.0,1949000
2024-02-06,VCB,90.6,89.1,90.3,89.5,1352300
2024-02-07,VCB,90.8,89.3,90.0,90.0,1371400
2024-02-08,VCB,90.8,89.3,90.0,90.0,1371400
2024-02-09,VCB,90.8,89.3,90.0,90.0,1371400
2024-02-12,VCB,90.8,89.3,90.0,90.0,1371400
2024-02-13,VCB,90.8,89.3,90.0,90.0,1371400
2024-02-14,VCB,90.8,89.3,90.0,90.0,1371400
2024-02-15,VCB,90.7,89.1,90.0,89.9,1046700
2024-02-16,VCB,90.2,89.5,89.9,89.6,734100
2024-02-19,VCB,90.5,89.3,89.9,90.2,1045300
2024-02-20,VCB,91.4,89.4,90.1,91.3,1404300
2024-02-21,VCB,91.7,90.5,91.7,91.2,1367400
2024-02-22,VCB,91.0,89.5,90.6,89.5,1223900
2024-02-23,VCB,91.4,88.9,89.5,88.9,1800900
2024-02-26,VCB,90.0,88.9,88.9,89.5,722000
2024-02-27,VCB,91.2,89.1,89.6,91.1,1604900
2024-02-28,VCB,97.4,90.4,91.0,97.4,4219900
2024-02-29,VCB,100.5,97.3,98.5,97.3,1897000
2024-03-01,VCB,98.2,94.9,98.2,97.3,2379600
2024-03-04,VCB,98.0,95.6,98.0,96.0,1640400
2024-03-05,VCB,96.6,95.2,96.6,95.5,1364800
2024-03-06,VCB,96.8,95.4,95.5,96.2,1307400
2024-03-07,VCB,97.4,95.5,95.9,95.8,2362300
2024-03-08,VCB,96.5,95.1,95.9,95.1,2229600
2024-03-11,VCB,96.0,94.1,95.1,94.1,1840000
2024-03-12,VCB,94.9,94.0,94.1,94.4,1107000
2024-03-13,VCB,96.5,94.3,94.9,96.0,3124500
2024-03-14,VCB,96.1,94.6,96.0,95.0,2319300
2024-03-15,VCB,95.0,93.9,95.0,94.0,2302500
2024-03-18,VCB,94.5,92.5,94.3,93.0,1839300
2024-03-19,VCB,93.5,92.5,92.5,92.5,868500
2024-03-20,VCB,94.1,92.5,92.5,93.2,897700
2024-03-21,VCB,95.5,94.0,94.0,95.2,1452700
2024-03-22,VCB,96.8,95.2,95.2,96.4,1844100
2024-03-25,VCB,96.9,94.1,95.0,95.7,1368800
2024-03-26,VCB,96.6,95.8,96.0,96.3,735400
2024-03-27,VCB,96.2,95.6,96.2,95.8,1046200
2024-03-28,VCB,96.4,95.6,96.2,95.7,1232800
2024-03-29,VCB,95.9,94.9,95.9,94.9,801200
2024-04-01,VCB,96.0,94.7,94.9,95.2,1221000
2024-04-02,VCB,95.2,93.9,95.1,94.5,969000
2024-04-03,VCB,94.8,93.8,94.4,93.8,1321100
2024-04-04,VCB,96.0,94.4,94.9,96.0,2022700
2024-04-05,VCB,95.6,94.2,94.8,94.9,779200
2024-04-08,VCB,95.3,94.2,94.9,94.9,864100
2024-04-09,VCB,95.4,94.2,95.0,94.3,686800
2024-04-10,VCB,94.6,94.1,94.3,94.5,737400
2024-04-11,VCB,94.6,93.5,94.0,94.0,778000
2024-04-12,VCB,95.5,93.8,94.5,94.6,844800
2024-04-15,VCB,96.5,92.0,94.6,92.0,1900300
2024-04-16,VCB,93.8,90.5,93.8,91.0,1857700
2024-04-17,VCB,92.1,89.5,91.2,90.5,1452600
2024-04-18,VCB,92.1,89.5,91.2,90.5,1452600
2024-04-19,VCB,90.9,89.7,90.0,90.5,1324800
2024-04-22,VCB,91.4,90.2,90.5,90.6,999100
2024-04-23,VCB,91.2,89.2,90.6,90.1,1562900
2024-04-24,VCB,91.1,90.1,91.0,90.6,1925200
2024-04-25,VCB,92.9,90.5,90.6,91.0,1235700
2024-04-26,VCB,93.3,91.2,91.7,91.2,1698300
2024-04-29,VCB,93.3,91.2,91.7,91.2,1698300
2024-04-30,VCB,93.3,91.2,91.7,91.2,1698300
2024-05-01,VCB,93.3,91.2,91.7,91.2,1698300
2024-05-02,VCB,92.5,91.1,92.1,91.9,932400
2024-05-03,VCB,93.4,91.8,92.4,92.5,1470700
2024-05-06,VCB,93.3,92.7,92.9,93.0,1147200
2024-05-07,VCB,94.1,92.9,93.4,92.9,1154200
2024-05-08,VCB,93.2,92.1,92.7,93.0,1246000
2024-05-09,VCB,93.4,92.3,92.9,92.5,606600
2024-05-10,VCB,92.7,91.7,92.7,92.0,823400
2024-05-13,VCB,92.4,90.5,92.1,91.0,1232600
2024-05-14,VCB,91.6,90.5,91.1,90.6,818400
2024-05-15,VCB,91.3,90.8,91.0,91.0,883100
2024-05-16,VCB,92.7,91.5,92.0,92.6,1713900
2024-05-17,VCB,92.6,91.7,92.6,91.8,1084700
2024-05-20,VCB,93.0,91.8,92.3,91.9,1043800
2024-05-21,VCB,92.0,90.7,91.9,91.1,1486400
2024-05-22,VCB,91.7,90.7,91.5,90.7,1347700
2024-05-23,VCB,91.5,90.5,90.7,91.0,1317500
2024-05-24,VCB,91.0,90.0,91.0,90.2,2241500
2024-05-27,VCB,90.6,89.7,90.4,90.2,1058500
2024-05-28,VCB,90.7,89.8,89.8,90.7,1350100
2024-05-29,VCB,91.0,89.8,90.8,89.8,1186300
2024-05-30,VCB,89.7,88.5,89.5,88.6,2356000
2024-05-31,VCB,89.0,87.2,88.7,87.2,3921500
2024-06-03,VCB,89.3,88.0,88.0,88.2,2108600
2024-06-04,VCB,89.2,88.3,88.9,88.7,1814600
2024-06-05,VCB,89.5,88.6,88.7,88.8,1882800
2024-06-06,VCB,89.7,88.8,88.9,89.0,1699700
2024-06-07,VCB,89.7,88.5,89.1,88.5,1129500
2024-06-10,VCB,89.2,87.9,88.9,88.0,2641600
2024-06-11,VCB,88.4,87.1,88.3,87.2,2252400
2024-06-12,VCB,89.2,87.0,87.4,88.7,2249800
2024-06-13,VCB,89.1,88.4,88.9,88.4,1600400
2024-06-14,VCB,89.1,87.5,88.5,87.5,2482100
2024-06-17,VCB,87.8,87.1,87.6,87.1,2293700
2024-06-18,VCB,88.5,87.1,87.5,87.1,1370900
2024-06-19,VCB,87.5,86.5,87.3,86.6,2174300
2024-06-20,VCB,86.6,85.6,86.6,86.0,2648800
2024-06-21,VCB,86.7,85.5,86.1,86.0,1808400
2024-06-24,VCB,87.4,85.5,86.0,85.5,2149800
2024-06-25,VCB,86.7,85.5,85.7,85.5,1565900
2024-06-26,VCB,86.3,85.2,85.9,85.2,1706900
2024-06-27,VCB,86.0,85.2,85.2,85.2,1423000
2024-06-28,VCB,86.0,85.0,86.0,85.2,1112400
2024-07-01,VCB,86.2,85.2,85.8,86.1,1179200
2024-07-02,VCB,88.8,86.2,86.7,88.2,2425200
2024-07-03,VCB,88.7,87.8,88.0,88.5,2250700
2024-07-04,VCB,89.7,88.0,88.6,88.0,3060300
2024-07-05,VCB,89.2,88.0,88.1,88.0,1847400
2024-07-08,VCB,88.7,87.2,88.0,87.2,1143800
2024-07-09,VCB,88.4,86.7,87.5,88.1,1549000
2024-07-10,VCB,89.2,88.0,88.3,88.6,1722900
2024-07-11,VCB,88.9,88.1,88.6,88.1,1445100
2024-07-12,VCB,88.6,87.6,88.2,87.6,1373400
2024-07-15,VCB,88.3,87.5,87.6,87.5,1172000
2024-07-16,VCB,88.6,87.6,87.6,87.9,1534100
2024-07-17,VCB,90.0,87.5,88.8,88.0,3362500
2024-07-18,VCB,88.8,87.9,88.3,88.0,1651700
2024-07-19,VCB,88.8,87.5,88.0,87.5,1323100
2024-07-22,VCB,88.3,87.3,87.5,87.7,1461100
2024-07-23,VCB,88.3,87.5,87.8,87.5,1410400
2024-07-24,VCB,88.1,87.4,87.4,87.5,1476700
2024-07-25,VCB,87.7,87.2,87.6,87.3,881000
2024-07-26,VCB,87.7,87.2,87.3,87.3,903300
2024-07-29,VCB,87.8,87.3,87.6,87.3,452800
2024-07-30,VCB,88.3,87.3,87.3,87.5,977800
2024-07-31,VCB,89.2,87.5,87.5,89.2,1863400
2024-08-01,VCB,91.4,89.2,89.3,90.7,4800600
2024-08-02,VCB,90.4,88.7,90.4,88.7,1511400
2024-08-05,VCB,88.5,86.9,88.5,86.9,3059700
2024-08-06,VCB,87.7,86.7,86.9,87.3,1653100
2024-08-07,VCB,87.7,87.0,87.4,87.7,713000
2024-08-08,VCB,87.7,87.2,87.7,87.3,961200
2024-08-09,VCB,88.3,87.4,87.4,87.7,1136700
2024-08-12,VCB,88.4,87.3,88.4,87.8,1060300
2024-08-13,VCB,89.5,87.6,87.6,89.5,1592900
2024-08-14,VCB,89.4,87.8,89.3,88.0,1492800
2024-08-15,VCB,88.8,87.6,88.0,87.6,921000
2024-08-16,VCB,88.9,88.0,88.0,88.1,1370400
2024-08-19,VCB,89.3,88.3,88.8,88.8,1655200
2024-08-20,VCB,90.8,88.9,88.9,90.8,3384300
2024-08-21,VCB,93.0,90.4,90.8,92.8,2745300
2024-08-22,VCB,93.2,92.1,92.9,92.4,1413500
2024-08-23,VCB,92.8,90.5,92.5,92.4,1075500
2024-08-26,VCB,92.6,91.6,92.1,92.0,1565800
2024-08-27,VCB,92.1,90.9,92.0,91.5,900600
2024-08-28,VCB,91.9,91.1,91.7,91.1,1031600
2024-08-29,VCB,92.4,91.0,91.0,91.5,1496300
2024-08-30,VCB,92.3,91.5,91.5,91.7,1669800
2024-09-02,VCB,92.3,91.5,91.5,91.7,1669800
2024-09-03,VCB,92.3,91.5,91.5,91.7,1669800
2024-09-04,VCB,91.1,90.3,91.1,91.0,1012700
2024-09-05,VCB,91.1,90.1,90.6,90.1,1184100
2024-09-06,VCB,90.8,89.8,90.2,90.2,784800
2024-09-09,VCB,90.2,89.2,90.1,90.2,702800
2024-09-10,VCB,90.2,89.0,90.1,89.0,1192200
2024-09-11,VCB,89.0,88.0,88.6,88.4,1027300
2024-09-12,VCB,90.1,88.4,88.5,89.5,1609600
2024-09-13,VCB,90.2,89.1,89.8,89.9,1624800
2024-09-16,VCB,90.0,88.8,89.6,88.9,727700
2024-09-17,VCB,90.5,88.6,89.0,90.5,970800
2024-09-18,VCB,91.9,89.7,90.6,91.0,1721200
2024-09-19,VCB,91.7,90.9,91.0,91.5,1345500
2024-09-20,VCB,92.0,90.6,91.8,90.6,2180400
2024-09-23,VCB,91.6,90.9,91.3,90.9,696500
2024-09-24,VCB,91.5,90.9,90.9,91.2,522400
2024-09-25,VCB,93.0,91.2,91.5,92.8,2602400
2024-09-26,VCB,93.8,92.5,92.9,92.5,1816800
2024-09-27,VCB,93.6,92.5,92.5,92.5,1070900
2024-09-30,VCB,92.5,92.0,92.5,92.0,1276900
2024-10-01,VCB,93.4,92.0,92.3,92.0,1724400
2024-10-02,VCB,92.7,91.8,92.3,92.7,1378900
2024-10-03,VCB,93.9,92.4,92.6,92.6,1699200
2024-10-04,VCB,92.8,92.3,92.5,92.3,859700
2024-10-07,VCB,92.5,91.8,92.3,92.0,610700
2024-10-08,VCB,92.0,91.0,92.0,91.5,1123100
2024-10-09,VCB,91.8,90.9,91.3,91.0,2175700
2024-10-10,VCB,93.0,91.2,92.3,91.9,1325200
2024-10-11,VCB,91.9,91.2,91.9,91.5,1083500
2024-10-14,VCB,92.2,91.3,92.2,91.4,930700
2024-10-15,VCB,92.1,91.3,91.3,91.4,1430600
2024-10-16,VCB,91.8,91.3,91.4,91.5,1293000
2024-10-17,VCB,92.3,91.7,92.0,92.2,1285400
2024-10-18,VCB,93.1,92.0,92.7,92.4,1162700
2024-10-21,VCB,93.3,92.0,92.5,92.0,1423100
2024-10-22,VCB,92.2,91.4,92.0,91.4,1259500
2024-10-23,VCB,91.8,91.2,91.2,91.5,749300
2024-10-24,VCB,92.3,91.4,92.2,91.7,755400
2024-10-25,VCB,92.3,91.7,92.1,91.8,996300
2024-10-28,VCB,92.3,91.5,91.5,92.0,1105800
2024-10-29,VCB,92.6,92.0,92.1,92.0,1297600
2024-10-30,VCB,92.4,91.6,92.0,91.7,626500
2024-10-31,VCB,95.0,91.5,91.5,93.6,2888900
2024-11-01,VCB,94.9,93.5,94.0,93.5,1729900
2024-11-04,VCB,95.3,92.4,94.0,92.5,1853600
2024-11-05,VCB,93.0,92.0,92.6,92.6,1082700
2024-11-06,VCB,93.4,92.8,92.8,92.9,1416800
2024-11-07,VCB,93.9,93.2,93.2,93.2,1418900
2024-11-08,VCB,93.9,92.2,93.5,92.2,1380000
2024-11-11,VCB,92.8,91.9,92.8,92.0,1873400
2024-11-12,VCB,93.2,91.9,92.0,91.9,1336300
2024-11-13,VCB,92.9,91.9,91.9,92.5,1331800
2024-11-14,VCB,92.5,91.9,92.0,92.0,1719700
2024-11-15,VCB,92.5,91.6,92.0,91.7,1508600
2024-11-18,VCB,92.3,90.9,91.7,91.0,1874900
2024-11-19,VCB,91.6,90.0,91.5,90.0,1577000
2024-11-20,VCB,91.2,89.9,90.0,90.3,1640700
2024-11-21,VCB,91.3,90.2,90.4,90.5,1461100
2024-11-22,VCB,91.3,90.6,91.0,90.6,1729700
2024-11-25,VCB,92.2,90.9,90.9,91.3,1814000
2024-11-26,VCB,92.9,91.4,91.4,92.4,1759900
2024-11-27,VCB,93.2,92.3,92.3,92.7,1047200
2024-11-28,VCB,93.5,92.5,93.1,92.6,1289900
2024-11-29,VCB,93.3,92.5,92.6,93.3,1010500
2024-12-02,VCB,95.1,93.9,94.9,94.2,1573100
2024-12-03,VCB,94.4,92.6,94.4,93.0,2445800
2024-12-04,VCB,93.9,92.5,92.8,93.5,1204400
2024-12-05,VCB,94.6,93.0,93.0,94.0,2333000
2024-12-06,VCB,95.3,93.9,94.0,94.2,1700100
2024-12-09,VCB,95.3,93.9,94.2,95.3,1957500
2024-12-10,VCB,95.3,94.5,95.3,94.5,912700
2024-12-11,VCB,94.8,93.2,94.5,93.3,1609700
2024-12-12,VCB,94.4,93.5,93.5,93.5,671500
2024-12-13,VCB,93.6,92.9,93.2,93.1,1227700
2024-12-16,VCB,93.2,92.9,93.0,93.1,1121800
2024-12-17,VCB,93.1,92.8,93.0,93.0,1048100
2024-12-18,VCB,93.3,93.0,93.0,93.1,530300
2024-12-19,VCB,92.8,92.2,92.8,92.4,1869700
2024-12-20,VCB,92.9,92.3,92.4,92.5,1245900
2024-12-23,VCB,92.8,92.4,92.6,92.4,707200
2024-12-24,VCB,92.8,92.0,92.7,92.1,1024300
2024-12-25,VCB,93.8,92.2,92.2,92.4,1827700
2024-12-26,VCB,92.8,92.0,92.5,92.1,2202900
2024-12-27,VCB,93.0,92.2,92.5,92.2,1639900
2024-12-30,VCB,92.5,92.0,92.2,92.0,1706700
2024-12-31,VCB,92.4,91.2,92.2,91.2,2374000
